DROP TABLE RESERVA_VIAJEROS;
DROP TABLE RESERVA_CARGA;
DROP TABLE RESERVA;
DROP TABLE M_VIAJES_M_CARGAS;
DROP TABLE CARGA;
DROP TABLE REMITENTES;
DROP TABLE M_VIAJES_M_VIAJEROS;
DROP TABLE VIAJEROS;
DROP TABLE NACIONALIDADES_USUARIOS;
DROP TABLE USUARIO;
DROP TABLE VIAJE_CARGA;
DROP TABLE VIAJE_VIAJEROS;
DROP TABLE VIAJE;
DROP TABLE VUELO;
DROP TABLE AVION_CARGA;
DROP TABLE AVION_VIAJEROS;
DROP TABLE AVION;
DROP TABLE AEROPUERTO;
DROP TABLE AEROLINEA;
DROP TABLE CIUDAD;
DROP TABLE PAIS;



CREATE TABLE PAIS
(
  NOMBRE VARCHAR2(255 BYTE) NOT NULL,
  CONSTRAINT PAIS_PK PRIMARY KEY (NOMBRE)
);
CREATE TABLE CIUDAD
(
  NOMBRE VARCHAR2(255 BYTE) NOT NULL,
  NOMBRE_PAIS VARCHAR2(255 BYTE) NOT NULL,
  CONSTRAINT FK_NOMBRE_PAIS_CIUDAD FOREIGN KEY(NOMBRE_PAIS) REFERENCES PAIS(NOMBRE),
  CONSTRAINT CIUDAD_PK PRIMARY KEY (NOMBRE)
);
CREATE TABLE AEROLINEA
(
  COD_IATA VARCHAR2(255 BYTE) NOT NULL,
  NOMBRE VARCHAR2(255 BYTE) NOT NULL,
  PAIS_RADICACION VARCHAR2(255 BYTE),
  NOMBRE_RESPONSABLE VARCHAR2(255 BYTE),
  CORREO_RESPONSABLE VARCHAR2(255 BYTE),
  CONSTRAINT FK_PAIS_RADICACION FOREIGN KEY(PAIS_RADICACION) REFERENCES PAIS(NOMBRE),
  CONSTRAINT COD_IATA_PK PRIMARY KEY (COD_IATA)
);

CREATE TABLE AEROPUERTO
(
  COD_IATA VARCHAR2(255 BYTE) NOT NULL,
  NOMBRE VARCHAR2(255 BYTE) NOT NULL,
  TIPO VARCHAR2(255 BYTE) NOT NULL,
  NOMBRE_CIUDAD VARCHAR2(255 BYTE) NOT NULL,
  CONSTRAINT FK_CIUDAD_AEROPUERTO FOREIGN KEY(NOMBRE_CIUDAD) REFERENCES CIUDAD(NOMBRE),
  CONSTRAINT COD_IATA_AEROPUERTO_PK PRIMARY KEY (COD_IATA)
);

CREATE TABLE AVION
(
  NUM_SERIE VARCHAR2(255 BYTE) NOT NULL,
  MODELO VARCHAR2(255 BYTE),
  MARCA VARCHAR2(255 BYTE),
  ANIO_FABRICACION NUMBER,
  TIPO VARCHAR2(255 BYTE),
  AEROLINEA VARCHAR2(255 BYTE),
  CONSTRAINT FK_AEROLINEA_DE_AVION FOREIGN KEY(AEROLINEA) REFERENCES AEROLINEA(COD_IATA),
  CONSTRAINT CK_TIPO_AVION CHECK(TIPO = 'Carga' OR TIPO = 'Viajeros'),
  CONSTRAINT CK_ANIO_VALIDO CHECK(ANIO_FABRICACION > 0),
  CONSTRAINT NUM_SERIE_PK PRIMARY KEY (NUM_SERIE)
);
CREATE TABLE AVION_VIAJEROS
(
  NUM_SERIE VARCHAR2(255 BYTE) NOT NULL,
  SILLAS_EJECUTIVAS NUMBER,
  SILLAS_ECONOMICAS NUMBER,
  CONSTRAINT CK_EJEC_VALIDAS CHECK(SILLAS_EJECUTIVAS > 0),
  CONSTRAINT CK_ECON_VALIDAD CHECK(SILLAS_ECONOMICAS > 0),
  CONSTRAINT FK_AVION_VIAJEROS FOREIGN KEY(NUM_SERIE) REFERENCES AVION(NUM_SERIE),
  CONSTRAINT AVION_PASAJEROS_PK PRIMARY KEY (NUM_SERIE)
);
CREATE TABLE AVION_CARGA
(
  NUM_SERIE VARCHAR2(255 BYTE) NOT NULL,
  CAPACIDAD DOUBLE PRECISION,
  CONSTRAINT FK_AVION_CARGA FOREIGN KEY(NUM_SERIE) REFERENCES AVION(NUM_SERIE),
  CONSTRAINT AVION_CARGA_PK PRIMARY KEY (NUM_SERIE)
);


CREATE TABLE VUELO
(
  ID VARCHAR2(255 BYTE),
  DURACION NUMBER,
  DISTANCIA DOUBLE PRECISION,
  FRECUENCIA NUMBER,
  TIPO_VUELO VARCHAR2(255 BYTE),
  AEROLINEA VARCHAR2(255 BYTE) NOT NULL,
 CONSTRAINT CK_TIPO_VUELO CHECK(TIPO_VUELO = 'Internacional' OR TIPO_VUELO = 'Nacional' OR TIPO_VUELO = 'Local'),
  AEROPUERTO_SALIDA VARCHAR2(255 BYTE) NOT NULL,
  AEROPUERTO_LLEGADA VARCHAR2(255 BYTE) NOT NULL,
  CONSTRAINT FK_AEROLINEA_VUELO FOREIGN KEY(AEROLINEA) REFERENCES AEROLINEA(COD_IATA),
  CONSTRAINT FK_AEROPUERTO_SALIDA FOREIGN KEY(AEROPUERTO_SALIDA) REFERENCES AEROPUERTO(COD_IATA),
  CONSTRAINT FK_AEROPUERTO_LLEGADA FOREIGN KEY(AEROPUERTO_LLEGADA) REFERENCES AEROPUERTO(COD_IATA),
  CONSTRAINT VUELO_PK PRIMARY KEY (ID)
);

CREATE TABLE VIAJE
(
  ID_VUELO VARCHAR2(255 BYTE),
  TIPO_VIAJE VARCHAR2(255 BYTE),
  AVION VARCHAR2(255 BYTE),
  HORA_SALIDA DATE,
  HORA_LLEGADA DATE,
  REALIZADO CHAR(1),
  CONSTRAINT CK_TIPO_VIAJE CHECK(TIPO_VIAJE = 'Viajeros' OR TIPO_VIAJE = 'Carga'),
  CONSTRAINT CK_CHAR CHECK(REALIZADO = 'Y' OR REALIZADO = 'N'),
  CONSTRAINT CK_FECHA_VAILDA CHECK(HORA_SALIDA < HORA_LLEGADA),
  CONSTRAINT FK_ID_VUELO_VIAJE FOREIGN KEY(ID_VUELO) REFERENCES VUELO(ID),
  CONSTRAINT FK_AVION_VIAJE FOREIGN KEY(AVION) REFERENCES AVION(NUM_SERIE),
  CONSTRAINT VIAJE_PK PRIMARY KEY (ID_VUELO,HORA_SALIDA)
);

CREATE TABLE VIAJE_VIAJEROS
(
  ID VARCHAR2(255 BYTE) NOT NULL,
  HORA_SALIDA DATE,
  COSTO_EJECUTIVO DOUBLE PRECISION,
  COSTO_ECONOMICO DOUBLE PRECISION,
  CONSTRAINT FK_VUELO_VIAJEROS FOREIGN KEY (ID,HORA_SALIDA) REFERENCES VIAJE(ID_VUELO,HORA_SALIDA),
  CONSTRAINT VIAJE_VIAJEROS_PK PRIMARY KEY (ID,HORA_SALIDA)
);
CREATE TABLE VIAJE_CARGA
(
  ID VARCHAR2(255 BYTE) NOT NULL,
  HORA_SALIDA DATE,
  COSTO_DENSIDAD DOUBLE PRECISION,
  CONSTRAINT FK_VUELO_CARGA FOREIGN KEY (ID,HORA_SALIDA) REFERENCES VIAJE(ID_VUELO,HORA_SALIDA),
  CONSTRAINT VUELO_CARGA_PK PRIMARY KEY (ID,HORA_SALIDA)
);


CREATE TABLE USUARIO 
(
  ID NUMBER NOT NULL,
  TIPO_ID VARCHAR2(255 BYTE),
  NOMBRE VARCHAR2(255 BYTE), 
  ROL VARCHAR2(255 BYTE),
  CLAVE VARCHAR2(255 BYTE),
  AEROLINEA_FRECUENTE VARCHAR2(255 BYTE),
  CONSTRAINT FK_AEROLINEA_FRECUENTE FOREIGN KEY(AEROLINEA_FRECUENTE) REFERENCES AEROLINEA(COD_IATA),
  CONSTRAINT USUARIO_PK PRIMARY KEY (ID,TIPO_ID)
);


CREATE TABLE VIAJEROS
(
  ID NUMBER NOT NULL,
  TIPO_ID VARCHAR2(255 BYTE),
  MILLAS_RECORRIDAS DOUBLE PRECISION,
  CONSTRAINT VIAJEROS_PK PRIMARY KEY (ID,TIPO_ID),
  CONSTRAINT FK_VIAJEROS FOREIGN KEY(ID,TIPO_ID) REFERENCES USUARIO(ID,TIPO_ID)
);

CREATE TABLE M_VIAJES_M_VIAJEROS
(
  ID_VIAJEROS NUMBER,
  TIPO_ID_VIAJEROS VARCHAR2(255 BYTE),
  ID_VUELO VARCHAR2(255 BYTE),
  HORA_SALIDA_VIAJE DATE,
  CONSTRAINT M_VIAJES_M_VIAJEROS_PK PRIMARY KEY (ID_VIAJEROS, TIPO_ID_VIAJEROS,ID_VUELO,HORA_SALIDA_VIAJE),
  CONSTRAINT FK_VIAJEROS_DE_VIAJE FOREIGN KEY(ID_VIAJEROS, TIPO_ID_VIAJEROS) REFERENCES VIAJEROS(ID, TIPO_ID),
  CONSTRAINT FK_VIAJES_DE_VIAJERO FOREIGN KEY(ID_VUELO,HORA_SALIDA_VIAJE) REFERENCES VIAJE_VIAJEROS(ID,HORA_SALIDA)
  
);


CREATE TABLE REMITENTES
(
  ID NUMBER NOT NULL, 
  TIPO_ID VARCHAR2(255 BYTE),
  CONSTRAINT REMITENTES_PK PRIMARY KEY (ID,TIPO_ID),
  CONSTRAINT FK_REMITENTES FOREIGN KEY(ID,TIPO_ID) REFERENCES USUARIO(ID,TIPO_ID)
  
);



CREATE TABLE NACIONALIDADES_USUARIOS
(
  ID_USUARIO NUMBER NOT NULL,
  TIPO_ID_USUARIO VARCHAR2(255 BYTE),
  NACIONALIDAD VARCHAR2(255 BYTE) NOT NULL,
  CONSTRAINT NACIONALIDAD_USUARIO_PK PRIMARY KEY (ID_USUARIO,NACIONALIDAD),
  CONSTRAINT FK_USUARIO_NACIONALIDAD FOREIGN KEY(ID_USUARIO,TIPO_ID_USUARIO) REFERENCES USUARIO(ID, TIPO_ID),
  CONSTRAINT FK_NACIONALIDADES FOREIGN KEY(NACIONALIDAD) REFERENCES PAIS(NOMBRE)
);


CREATE TABLE CARGA
(
  TRACKING_NUM NUMBER NOT NULL,
  CONTENIDO VARCHAR2(255 BYTE),
  PESO DOUBLE PRECISION,
  VOLUMEN DOUBLE PRECISION,
  CONSTRAINT CARGA_PK PRIMARY KEY (TRACKING_NUM)
);
CREATE TABLE M_VIAJES_M_CARGAS
(
  ID_CARGA NUMBER,
  ID_VUELO VARCHAR2(255 BYTE),
  HORA_SALIDA_VIAJE DATE,
  CONSTRAINT VIAJES_DE_CARGAS_PK PRIMARY KEY (ID_CARGA,ID_VUELO,HORA_SALIDA_VIAJE),
  CONSTRAINT FK_CARGAS_VIAJE FOREIGN KEY(ID_CARGA) REFERENCES CARGA(TRACKING_NUM),
  CONSTRAINT FK_VIAJES_CARGA FOREIGN KEY(ID_VUELO,HORA_SALIDA_VIAJE) REFERENCES VIAJE_CARGA(ID,HORA_SALIDA)
  
);

CREATE TABLE RESERVA
(
  ID NUMBER GENERATED BY DEFAULT ON NULL AS IDENTITY,
  FECHA DATE,
  FECHA_ACTUAL DATE DEFAULT CURRENT_DATE,
  TIPO_RESERVA VARCHAR2(255 BYTE),
  AERO_SAL VARCHAR2(255 BYTE),
  AERO_LLEG VARCHAR2(255 BYTE),
  CONSTRAINT FK_AEROPUERTOSAL_RESERVA FOREIGN KEY(AERO_SAL) REFERENCES AEROPUERTO(COD_IATA),
  CONSTRAINT CK_TIPO_RESERVA CHECK(TIPO_RESERVA = 'Carga' OR TIPO_RESERVA = 'Viajeros'),
  CONSTRAINT CK_FECHA_RESERVA CHECK(FECHA > FECHA_ACTUAL),
  CONSTRAINT RESERVA_PK PRIMARY KEY (ID)
);

CREATE TABLE RESERVA_VIAJEROS
(
  ID NUMBER GENERATED BY DEFAULT ON NULL AS IDENTITY,
  ID_RESERVA_GENERAL NUMBER,
  ID_VIAJERO NUMBER NOT NULL,
  TIPO_ID_VIAJERO VARCHAR2(255 BYTE),
  ID_VUELO VARCHAR2(255 BYTE) NOT NULL,
  HORA_SALIDA_VIAJE DATE NOT NULL,
  CLASE VARCHAR2(255 BYTE) NOT NULL,
  CONSTRAINT CK_CLASE_RESERVA CHECK(CLASE = 'Ejecutiva' OR CLASE = 'Economica'),
  CONSTRAINT FK_VUELO_RESERVA_M FOREIGN KEY(ID_VUELO,HORA_SALIDA_VIAJE) REFERENCES VIAJE_VIAJEROS(ID,HORA_SALIDA),
  CONSTRAINT FK_VIAJEROS_RESERVA_MULTIPLES FOREIGN KEY (ID_VIAJERO, TIPO_ID_VIAJERO) REFERENCES VIAJEROS(ID, TIPO_ID),
  CONSTRAINT RESERVA_MULTIPLES_VIAJES_PK PRIMARY KEY (ID),
  CONSTRAINT FK_RESERVA_MULTIPLES_VUELOS FOREIGN KEY(ID_RESERVA_GENERAL) REFERENCES RESERVA(ID)
);


CREATE TABLE RESERVA_CARGA
(
  ID NUMBER,
  ID_VUELO VARCHAR2(255 BYTE) NOT NULL,
  HORA_SALIDA_VIAJE DATE NOT NULL,
  ID_REMITENTE NUMBER NOT NULL,
  TIPO_ID_REMITENTE VARCHAR2(255 BYTE),
  ID_CARGA NUMBER NOT NULL,
  CONSTRAINT FK_VUELO_RESERVA_CARGA FOREIGN KEY (ID_VUELO,HORA_SALIDA_VIAJE) REFERENCES VIAJE_CARGA(ID,HORA_SALIDA),
  CONSTRAINT FK_REMITENTE_RESERVA_CARGA FOREIGN KEY (ID_REMITENTE,TIPO_ID_REMITENTE) REFERENCES REMITENTES(ID,TIPO_ID),
  CONSTRAINT FK_CARGA_RESERVA_CARGA FOREIGN KEY (ID_CARGA) REFERENCES CARGA(TRACKING_NUM),
  CONSTRAINT RESERVA_CARGA_PK PRIMARY KEY (ID),
  CONSTRAINT FK_RESERVA_CARGA FOREIGN KEY(ID) REFERENCES RESERVA(ID)
);


Insert into PAIS (NOMBRE) values ('Colombia');
Insert into PAIS (NOMBRE) values ('Venezuela');
Insert into PAIS (NOMBRE) values ('Argentina');
Insert into PAIS (NOMBRE) values ('Estados Unidos');
Insert into PAIS (NOMBRE) values ('Italia');
Insert into PAIS (NOMBRE) values ('Chile');
Insert into PAIS (NOMBRE) values ('Alemania');
Insert into PAIS (NOMBRE) values ('Canada');
Insert into PAIS (NOMBRE) values ('Francia');
Insert into PAIS (NOMBRE) values ('India');


Insert into CIUDAD (NOMBRE, NOMBRE_PAIS ) values ('Bogota','Colombia');
Insert into CIUDAD (NOMBRE, NOMBRE_PAIS ) values ('Cali','Colombia');
Insert into CIUDAD (NOMBRE, NOMBRE_PAIS ) values ('Medellin','Colombia');
Insert into CIUDAD (NOMBRE, NOMBRE_PAIS ) values ('Caracas','Venezuela');
Insert into CIUDAD (NOMBRE, NOMBRE_PAIS ) values ('Barquisimeto','Venezuela');
Insert into CIUDAD (NOMBRE, NOMBRE_PAIS ) values ('Maracaibo','Venezuela');
Insert into CIUDAD (NOMBRE, NOMBRE_PAIS ) values ('Buenos Aires','Argentina');
Insert into CIUDAD (NOMBRE, NOMBRE_PAIS ) values ('La Plata','Argentina');
Insert into CIUDAD (NOMBRE, NOMBRE_PAIS ) values ('Rosario','Argentina');
Insert into CIUDAD (NOMBRE, NOMBRE_PAIS ) values ('New York','Estados Unidos');
Insert into CIUDAD (NOMBRE, NOMBRE_PAIS ) values ('Orlando','Estados Unidos');
Insert into CIUDAD (NOMBRE, NOMBRE_PAIS ) values ('Boston','Estados Unidos');
Insert into CIUDAD (NOMBRE, NOMBRE_PAIS ) values ('Vienna','Italia');
Insert into CIUDAD (NOMBRE, NOMBRE_PAIS ) values ('Milano','Italia');
Insert into CIUDAD (NOMBRE, NOMBRE_PAIS ) values ('Roma','Italia');

Insert into AEROLINEA(COD_IATA, NOMBRE,PAIS_RADICACION,NOMBRE_RESPONSABLE,CORREO_RESPONSABLE) values ('AV', 'Avianca','Colombia','Carlos Gonzalez','carlos.eduardo@uniasa.net');
Insert into AEROLINEA(COD_IATA, NOMBRE,PAIS_RADICACION,NOMBRE_RESPONSABLE,CORREO_RESPONSABLE) values ('AA', 'American Airlines','Estados Unidos','George Harris','george@hotmail.com');
Insert into AEROLINEA(COD_IATA, NOMBRE,PAIS_RADICACION,NOMBRE_RESPONSABLE,CORREO_RESPONSABLE) values ('LA', 'LATAM Airlines','Chile','Paco Martinez','tacopaco@uniandes.edu.co');
Insert into AEROLINEA(COD_IATA, NOMBRE,PAIS_RADICACION,NOMBRE_RESPONSABLE,CORREO_RESPONSABLE) values ('DL', 'Delta','Estados Unidos','Sam Smith','staywithme@lalala.com');
Insert into AEROLINEA(COD_IATA, NOMBRE,PAIS_RADICACION,NOMBRE_RESPONSABLE,CORREO_RESPONSABLE) values ('AZ', 'Alitalia','Italia','Florencio Papardelle','floripapi@stronzo.com');
Insert into AEROLINEA(COD_IATA, NOMBRE,PAIS_RADICACION,NOMBRE_RESPONSABLE,CORREO_RESPONSABLE) values ('US', 'US Airways','Estados Unidos','Charles Gonzalez','charles.edward@uniasa.net');
Insert into AEROLINEA(COD_IATA, NOMBRE,PAIS_RADICACION,NOMBRE_RESPONSABLE,CORREO_RESPONSABLE) values ('LH', 'Lufthansa','Alemania','Hitler','heil.schaisa@uniasa.net');
Insert into AEROLINEA(COD_IATA, NOMBRE,PAIS_RADICACION,NOMBRE_RESPONSABLE,CORREO_RESPONSABLE) values ('AC', 'Air Canada','Canada','Ey boy','not.usa@uniasa.net');
Insert into AEROLINEA(COD_IATA, NOMBRE,PAIS_RADICACION,NOMBRE_RESPONSABLE,CORREO_RESPONSABLE) values ('AF', 'Air France','Francia','Pierre Robuchon','omelette.dufromage@uniasa.net');
Insert into AEROLINEA(COD_IATA, NOMBRE,PAIS_RADICACION,NOMBRE_RESPONSABLE,CORREO_RESPONSABLE) values ('IC', 'Indian Airlines','India','Kumar Patel','alala.guday@uniasa.net');





Insert into AEROPUERTO(COD_IATA,NOMBRE, TIPO, NOMBRE_CIUDAD) values ('CCS', 'Aeropuerto Simon Bolivar','Internacional','Caracas');
Insert into AEROPUERTO(COD_IATA,NOMBRE, TIPO, NOMBRE_CIUDAD) values ('BOG', 'El Dorado Intl','Internacional','Bogota');
Insert into AEROPUERTO(COD_IATA,NOMBRE, TIPO, NOMBRE_CIUDAD) values ('SWF', 'Stewart International','Internacional','New York');
Insert into AEROPUERTO(COD_IATA,NOMBRE, TIPO, NOMBRE_CIUDAD) values ('EZE', 'Ministro Pistarini','Local','Buenos Aires');
Insert into AEROPUERTO(COD_IATA,NOMBRE, TIPO, NOMBRE_CIUDAD) values ('AEP', 'Jorge Newbery','Local','Buenos Aires');
Insert into AEROPUERTO(COD_IATA,NOMBRE, TIPO, NOMBRE_CIUDAD) values ('KMW', 'Kostroma','Nacional','Roma');
Insert into AEROPUERTO(COD_IATA,NOMBRE, TIPO, NOMBRE_CIUDAD) values ('VIE', 'International','Nacional','Vienna');
Insert into AEROPUERTO(COD_IATA,NOMBRE, TIPO, NOMBRE_CIUDAD) values ('RMA', 'Roma','Internacional','Roma');



Insert into AVION(NUM_SERIE,MODELO, MARCA,ANIO_FABRICACION,TIPO) values ('YV3453','747','Boeing',2006,'Viajeros');
Insert into AVION(NUM_SERIE,MODELO, MARCA,ANIO_FABRICACION,TIPO) values ('YV3653','747','Boeing',2006,'Carga');
Insert into AVION(NUM_SERIE,MODELO, MARCA,ANIO_FABRICACION,TIPO) values ('N6753','A312','Airbus',2002, 'Carga');
Insert into AVION(NUM_SERIE,MODELO, MARCA,ANIO_FABRICACION,TIPO) values ('N2567','A312','Airbus',2000,'Viajeros');
Insert into AVION(NUM_SERIE,MODELO, MARCA,ANIO_FABRICACION,TIPO) values ('HK4343','707','Boeing',2008, 'Viajeros');
Insert into AVION(NUM_SERIE,MODELO, MARCA,ANIO_FABRICACION,TIPO) values ('HK4763','710','Boeing',2008,'Carga');
Insert into AVION(NUM_SERIE,MODELO, MARCA,ANIO_FABRICACION,TIPO) values ('LV4153','A301','Airbus',2013,'Viajeros');
Insert into AVION(NUM_SERIE,MODELO, MARCA,ANIO_FABRICACION,TIPO) values ('I3463','407','Boeing',2014,'Viajeros');



Insert into AVION_VIAJEROS(NUM_SERIE,SILLAS_ECONOMICAS,SILLAS_EJECUTIVAS) values('YV3453',80,15);
Insert into AVION_VIAJEROS(NUM_SERIE,SILLAS_ECONOMICAS,SILLAS_EJECUTIVAS) values('N2567',90,10);
Insert into AVION_VIAJEROS(NUM_SERIE,SILLAS_ECONOMICAS,SILLAS_EJECUTIVAS) values('HK4343',100,15);
Insert into AVION_VIAJEROS(NUM_SERIE,SILLAS_ECONOMICAS,SILLAS_EJECUTIVAS) values('LV4153',60,11);
Insert into AVION_VIAJEROS(NUM_SERIE,SILLAS_ECONOMICAS,SILLAS_EJECUTIVAS) values('I3463',30,5);




Insert into AVION_CARGA(NUM_SERIE,CAPACIDAD) values ('YV3653', 100);
Insert into AVION_CARGA(NUM_SERIE,CAPACIDAD) values ('N2567', 80);
Insert into AVION_CARGA(NUM_SERIE,CAPACIDAD) values ('HK4763', 90);



Insert into VUELO (ID,DURACION,DISTANCIA,FRECUENCIA,AEROLINEA,AEROPUERTO_SALIDA,AEROPUERTO_LLEGADA,TIPO_VUELO) values ('AV1',5,2485,2,'AV','CCS','SWF','Internacional');
Insert into VUELO (ID,DURACION,DISTANCIA,FRECUENCIA,AEROLINEA,AEROPUERTO_SALIDA,AEROPUERTO_LLEGADA,TIPO_VUELO) values ('LA1',1,500,4,'LA','EZE','AEP','Local');
Insert into VUELO (ID,DURACION,DISTANCIA,FRECUENCIA,AEROLINEA,AEROPUERTO_SALIDA,AEROPUERTO_LLEGADA,TIPO_VUELO) values ('DL1',2,2000,2,'DL','KMW','VIE','Nacional');
Insert into VUELO (ID,DURACION,DISTANCIA,FRECUENCIA,AEROLINEA,AEROPUERTO_SALIDA,AEROPUERTO_LLEGADA,TIPO_VUELO) values ('AZ1',4,1000,3,'AZ','SWF','RMA','Internacional');
Insert into VUELO (ID,DURACION,DISTANCIA,FRECUENCIA,AEROLINEA,AEROPUERTO_SALIDA,AEROPUERTO_LLEGADA,TIPO_VUELO) values ('DL2',6,4000,1,'DL','RMA','VIE','Internacional');
Insert into VUELO (ID,DURACION,DISTANCIA,FRECUENCIA,AEROLINEA,AEROPUERTO_SALIDA,AEROPUERTO_LLEGADA,TIPO_VUELO) values ('AV2',6,4000,1,'AV','CCS','SWF','Internacional');
Insert into VUELO (ID,DURACION,DISTANCIA,FRECUENCIA,AEROLINEA,AEROPUERTO_SALIDA,AEROPUERTO_LLEGADA,TIPO_VUELO) values ('AV3',6,4000,1,'AV','CCS','SWF','Internacional');


Insert into VIAJE (ID_VUELO,TIPO_VIAJE,AVION,HORA_SALIDA,HORA_LLEGADA,REALIZADO) values ('AV1','Viajeros','YV3453',TO_DATE('22-11-2016 03:24:56','DD-MM-YYYY HH24:MI:SS'),TO_DATE('22-11-2016 08:24:56','DD-MM-YYYY HH24:MI:SS'),'N');
Insert into VIAJE (ID_VUELO,TIPO_VIAJE,AVION,HORA_SALIDA,HORA_LLEGADA,REALIZADO) values ('AV1','Viajeros','LV4153',TO_DATE('5-11-2016 08:24:56','DD-MM-YYYY HH24:MI:SS'),TO_DATE('5-11-2016 13:24:56','DD-MM-YYYY HH24:MI:SS'),'Y');
Insert into VIAJE (ID_VUELO,TIPO_VIAJE,AVION,HORA_SALIDA,HORA_LLEGADA,REALIZADO) values ('AV1','Carga','YV3653',TO_DATE('9-11-2016 06:24:56','DD-MM-YYYY HH24:MI:SS'),TO_DATE('9-11-2016 11:24:56','DD-MM-YYYY HH24:MI:SS'),'Y');
Insert into VIAJE (ID_VUELO,TIPO_VIAJE,AVION,HORA_SALIDA,HORA_LLEGADA,REALIZADO) values ('AV1','Viajeros','YV3453',TO_DATE('13-11-2016 01:24:56','DD-MM-YYYY HH24:MI:SS'),TO_DATE('13-11-2016 06:24:56','DD-MM-YYYY HH24:MI:SS'),'Y');
Insert into VIAJE (ID_VUELO,TIPO_VIAJE,AVION,HORA_SALIDA,HORA_LLEGADA,REALIZADO) values ('LA1','Viajeros','HK4343',TO_DATE('11-11-2016 04:24:56','DD-MM-YYYY HH24:MI:SS'),TO_DATE('11-11-2016 05:24:56','DD-MM-YYYY HH24:MI:SS'),'Y');
Insert into VIAJE (ID_VUELO,TIPO_VIAJE,AVION,HORA_SALIDA,HORA_LLEGADA,REALIZADO) values ('LA1','Carga','N2567',TO_DATE('12-11-2016 04:24:56','DD-MM-YYYY HH24:MI:SS'),TO_DATE('12-11-2016 05:24:56','DD-MM-YYYY HH24:MI:SS'),'Y');
Insert into VIAJE (ID_VUELO,TIPO_VIAJE,AVION,HORA_SALIDA,HORA_LLEGADA,REALIZADO) values ('DL1','Carga','YV3653',TO_DATE('12-11-2016 09:24:56','DD-MM-YYYY HH24:MI:SS'),TO_DATE('12-11-2016 11:24:56','DD-MM-YYYY HH24:MI:SS'),'Y');
Insert into VIAJE (ID_VUELO,TIPO_VIAJE,AVION,HORA_SALIDA,HORA_LLEGADA,REALIZADO) values ('AZ1','Viajeros','HK4343',TO_DATE('23-11-2016 01:24:56','DD-MM-YYYY HH24:MI:SS'),TO_DATE('23-11-2016 05:24:56','DD-MM-YYYY HH24:MI:SS'),'N');
Insert into VIAJE (ID_VUELO,TIPO_VIAJE,AVION,HORA_SALIDA,HORA_LLEGADA,REALIZADO) values ('AZ1','Carga','HK4763',TO_DATE('23-11-2016 05:24:56','DD-MM-YYYY HH24:MI:SS'),TO_DATE('23-11-2016 09:24:56','DD-MM-YYYY HH24:MI:SS'),'N');
Insert into VIAJE (ID_VUELO,TIPO_VIAJE,AVION,HORA_SALIDA,HORA_LLEGADA,REALIZADO) values ('DL2','Viajeros','I3463',TO_DATE('25-11-2016 04:24:56','DD-MM-YYYY HH24:MI:SS'),TO_DATE('25-11-2016 10:24:56','DD-MM-YYYY HH24:MI:SS'),'N');
Insert into VIAJE (ID_VUELO,TIPO_VIAJE,AVION,HORA_SALIDA,HORA_LLEGADA,REALIZADO) values ('DL2','Carga','HK4763',TO_DATE('23-11-2016 01:24:56','DD-MM-YYYY HH24:MI:SS'),TO_DATE('23-11-2016 07:24:56','DD-MM-YYYY HH24:MI:SS'),'N');
Insert into VIAJE (ID_VUELO,TIPO_VIAJE,AVION,HORA_SALIDA,HORA_LLEGADA,REALIZADO) values ('AV2','Viajeros','N2567',TO_DATE('25-11-2016 04:24:56','DD-MM-YYYY HH24:MI:SS'),TO_DATE('25-11-2016 10:24:56','DD-MM-YYYY HH24:MI:SS'),'N');
Insert into VIAJE (ID_VUELO,TIPO_VIAJE,AVION,HORA_SALIDA,HORA_LLEGADA,REALIZADO) values ('AV3','Viajeros','YV3453',TO_DATE('25-11-2016 06:24:56','DD-MM-YYYY HH24:MI:SS'),TO_DATE('25-11-2016 12:24:56','DD-MM-YYYY HH24:MI:SS'),'N');



Insert into VIAJE_VIAJEROS(ID,HORA_SALIDA,COSTO_EJECUTIVO,COSTO_ECONOMICO) values ('AV1',TO_DATE('22-11-2016 03:24:56','DD-MM-YYYY HH24:MI:SS'),400,300);
Insert into VIAJE_VIAJEROS(ID,HORA_SALIDA,COSTO_EJECUTIVO,COSTO_ECONOMICO) values ('AV1',TO_DATE('5-11-2016 08:24:56','DD-MM-YYYY HH24:MI:SS'),100,50);
Insert into VIAJE_VIAJEROS(ID,HORA_SALIDA,COSTO_EJECUTIVO,COSTO_ECONOMICO) values ('AV1',TO_DATE('9-11-2016 06:24:56','DD-MM-YYYY HH24:MI:SS'),200,150);
Insert into VIAJE_VIAJEROS(ID,HORA_SALIDA,COSTO_EJECUTIVO,COSTO_ECONOMICO) values ('LA1',TO_DATE('11-11-2016 04:24:56','DD-MM-YYYY HH24:MI:SS'),1000,500);
Insert into VIAJE_VIAJEROS(ID,HORA_SALIDA,COSTO_EJECUTIVO,COSTO_ECONOMICO) values ('AZ1',TO_DATE('23-11-2016 01:24:56','DD-MM-YYYY HH24:MI:SS'),1200,600);
Insert into VIAJE_VIAJEROS(ID,HORA_SALIDA,COSTO_EJECUTIVO,COSTO_ECONOMICO) values ('DL2',TO_DATE('25-11-2016 04:24:56','DD-MM-YYYY HH24:MI:SS'),1500,800);
Insert into VIAJE_VIAJEROS(ID,HORA_SALIDA,COSTO_EJECUTIVO,COSTO_ECONOMICO) values ('AV2',TO_DATE('25-11-2016 04:24:56','DD-MM-YYYY HH24:MI:SS'),1800,1000);
Insert into VIAJE_VIAJEROS(ID,HORA_SALIDA,COSTO_EJECUTIVO,COSTO_ECONOMICO) values ('AV3',TO_DATE('25-11-2016 06:24:56','DD-MM-YYYY HH24:MI:SS'),2100,1200);



Insert into VIAJE_CARGA (ID,HORA_SALIDA,COSTO_DENSIDAD) values ('AV1',TO_DATE('9-11-2016 06:24:56','DD-MM-YYYY HH24:MI:SS'),30);
Insert into VIAJE_CARGA (ID,HORA_SALIDA,COSTO_DENSIDAD) values ('LA1',TO_DATE('12-11-2016 04:24:56','DD-MM-YYYY HH24:MI:SS'),50);
Insert into VIAJE_CARGA (ID,HORA_SALIDA,COSTO_DENSIDAD) values ('DL1',TO_DATE('12-11-2016 09:24:56','DD-MM-YYYY HH24:MI:SS'),60);
Insert into VIAJE_CARGA (ID,HORA_SALIDA,COSTO_DENSIDAD) values ('AZ1',TO_DATE('23-11-2016 01:24:56','DD-MM-YYYY HH24:MI:SS'),100);
Insert into VIAJE_CARGA (ID,HORA_SALIDA,COSTO_DENSIDAD) values ('DL2',TO_DATE('23-11-2016 01:24:56','DD-MM-YYYY HH24:MI:SS'),40);


Insert into USUARIO(ID,TIPO_ID,NOMBRE,ROL,CLAVE,AEROLINEA_FRECUENTE) values(23059253,'Cedula Colombiana','Carlos','Remitente','papacito',null);
Insert into USUARIO(ID,TIPO_ID,NOMBRE,ROL,CLAVE,AEROLINEA_FRECUENTE) values(24563,'Visa','Pepe','Viajero','papi',null);
Insert into USUARIO(ID,TIPO_ID,NOMBRE,ROL,CLAVE,AEROLINEA_FRECUENTE) values(2355634,'Cedula Venezolana','David','Viajero','contra','AV');
Insert into USUARIO(ID,TIPO_ID,NOMBRE,ROL,CLAVE,AEROLINEA_FRECUENTE) values(2345234,'Pasaporte','Ricardo','AdminVuelAndes','heyhey',null);
Insert into USUARIO(ID,TIPO_ID,NOMBRE,ROL,CLAVE,AEROLINEA_FRECUENTE) values(4342421,'Pasaporte','Javier','AdminAeropuerto','12345',null);

Insert into NACIONALIDADES_USUARIOS(ID_USUARIO, TIPO_ID_USUARIO, NACIONALIDAD) values(23059253,'Cedula Colombiana','Colombia');
Insert into NACIONALIDADES_USUARIOS(ID_USUARIO, TIPO_ID_USUARIO, NACIONALIDAD) values(23059253,'Cedula Colombiana','Venezuela');
Insert into NACIONALIDADES_USUARIOS(ID_USUARIO,TIPO_ID_USUARIO,NACIONALIDAD) values(24563,'Visa','Italia');
Insert into NACIONALIDADES_USUARIOS(ID_USUARIO,TIPO_ID_USUARIO, NACIONALIDAD) values(2355634,'Cedula Venezolana','Colombia');
Insert into NACIONALIDADES_USUARIOS(ID_USUARIO,TIPO_ID_USUARIO,NACIONALIDAD) values(2345234,'Pasaporte','Estados Unidos');
Insert into NACIONALIDADES_USUARIOS(ID_USUARIO,TIPO_ID_USUARIO, NACIONALIDAD) values(4342421,'Pasaporte','Argentina');

Insert into VIAJEROS(ID, TIPO_ID) values (23059253,'Cedula Colombiana' );
Insert into VIAJEROS(ID, TIPO_ID) values (24563,'Visa');
Insert into VIAJEROS(ID, TIPO_ID) values (2355634,'Cedula Venezolana');

Insert into M_VIAJES_M_VIAJEROS(ID_VIAJEROS,TIPO_ID_VIAJEROS,ID_VUELO,HORA_SALIDA_VIAJE) values(23059253,'Cedula Colombiana','AV1',TO_DATE('22-11-2016 03:24:56','DD-MM-YYYY HH24:MI:SS'));
Insert into M_VIAJES_M_VIAJEROS(ID_VIAJEROS,TIPO_ID_VIAJEROS,ID_VUELO,HORA_SALIDA_VIAJE) values(23059253,'Cedula Colombiana','AV1',TO_DATE('5-11-2016 08:24:56','DD-MM-YYYY HH24:MI:SS'));
Insert into M_VIAJES_M_VIAJEROS(ID_VIAJEROS,TIPO_ID_VIAJEROS,ID_VUELO,HORA_SALIDA_VIAJE) values(23059253,'Cedula Colombiana','AV1',TO_DATE('9-11-2016 06:24:56','DD-MM-YYYY HH24:MI:SS'));
Insert into M_VIAJES_M_VIAJEROS(ID_VIAJEROS,TIPO_ID_VIAJEROS,ID_VUELO,HORA_SALIDA_VIAJE) values(24563,'Visa','AV1',TO_DATE('22-11-2016 03:24:56','DD-MM-YYYY HH24:MI:SS'));
Insert into M_VIAJES_M_VIAJEROS(ID_VIAJEROS,TIPO_ID_VIAJEROS,ID_VUELO,HORA_SALIDA_VIAJE) values(2355634,'Cedula Venezolana','LA1',TO_DATE('11-11-2016 04:24:56','DD-MM-YYYY HH24:MI:SS'));
Insert into M_VIAJES_M_VIAJEROS(ID_VIAJEROS,TIPO_ID_VIAJEROS,ID_VUELO,HORA_SALIDA_VIAJE) values(2355634,'Cedula Venezolana','AZ1',TO_DATE('23-11-2016 01:24:56','DD-MM-YYYY HH24:MI:SS'));



Insert into REMITENTES(ID,TIPO_ID) values (2345234,'Pasaporte');
Insert into REMITENTES(ID,TIPO_ID) values (4342421,'Pasaporte');





Insert into CARGA(TRACKING_NUM,CONTENIDO,PESO,VOLUMEN) values(123,'Videos','5','200');
Insert into CARGA(TRACKING_NUM,CONTENIDO,PESO,VOLUMEN) values(321,'Libros','10','500');

Insert into M_VIAJES_M_CARGAS(ID_CARGA,ID_VUELO,HORA_SALIDA_VIAJE) values(123,'AV1',TO_DATE('9-11-2016 06:24:56','DD-MM-YYYY HH24:MI:SS'));
Insert into M_VIAJES_M_CARGAS(ID_CARGA,ID_VUELO,HORA_SALIDA_VIAJE) values(321,'LA1',TO_DATE('12-11-2016 04:24:56','DD-MM-YYYY HH24:MI:SS'));
Insert into M_VIAJES_M_CARGAS(ID_CARGA,ID_VUELO,HORA_SALIDA_VIAJE) values(123,'DL1',TO_DATE('12-11-2016 09:24:56','DD-MM-YYYY HH24:MI:SS'));
Insert into M_VIAJES_M_CARGAS(ID_CARGA,ID_VUELO,HORA_SALIDA_VIAJE) values(321,'AZ1',TO_DATE('23-11-2016 01:24:56','DD-MM-YYYY HH24:MI:SS'));
Insert into M_VIAJES_M_CARGAS(ID_CARGA,ID_VUELO,HORA_SALIDA_VIAJE) values(123,'DL2',TO_DATE('23-11-2016 01:24:56','DD-MM-YYYY HH24:MI:SS'));


Insert into RESERVA(FECHA,TIPO_RESERVA,AERO_SAL,AERO_LLEG) values (TO_DATE('25/11/2016','DD/MM/YYYY'),'Viajeros','CCS','SWF');
Insert into RESERVA(FECHA,TIPO_RESERVA,AERO_SAL,AERO_LLEG) values (TO_DATE('29/11/2016','DD/MM/YYYY'),'Viajeros','EZE','AEP');
Insert into RESERVA(FECHA,TIPO_RESERVA,AERO_SAL,AERO_LLEG) values (TO_DATE('30/11/2016','DD/MM/YYYY'),'Viajeros','KMW','VIE');
Insert into RESERVA(FECHA,TIPO_RESERVA,AERO_SAL,AERO_LLEG) values (TO_DATE('5/12/2016','DD/MM/YYYY'),'Carga','SWF','RMA');
Insert into RESERVA(FECHA,TIPO_RESERVA,AERO_SAL,AERO_LLEG) values (TO_DATE('12/12/2016','DD/MM/YYYY'),'Carga','RMA','VIE');
Insert into RESERVA(FECHA,TIPO_RESERVA,AERO_SAL,AERO_LLEG) values (TO_DATE('20/12/2016','DD/MM/YYYY'),'Viajeros','CCS','VIE');
Insert into RESERVA(FECHA,TIPO_RESERVA,AERO_SAL,AERO_LLEG) values (TO_DATE('25/12/2016','DD/MM/YYYY'),'Viajeros','CCS','VIE');



Insert into RESERVA_CARGA(ID,ID_VUELO,HORA_SALIDA_VIAJE,ID_REMITENTE,TIPO_ID_REMITENTE,ID_CARGA) values(4,'AV1',TO_DATE('9-11-2016 06:24:56','DD-MM-YYYY HH24:MI:SS'),2345234,'Pasaporte',123);
Insert into RESERVA_CARGA(ID,ID_VUELO,HORA_SALIDA_VIAJE,ID_REMITENTE,TIPO_ID_REMITENTE,ID_CARGA) values(5,'LA1',TO_DATE('12-11-2016 04:24:56','DD-MM-YYYY HH24:MI:SS'),4342421,'Pasaporte',321);

Insert into RESERVA_VIAJEROS(ID_RESERVA_GENERAL,ID_VUELO,HORA_SALIDA_VIAJE,ID_VIAJERO,TIPO_ID_VIAJERO,CLASE) values(1,'AV1',TO_DATE('22-11-2016 03:24:56','DD-MM-YYYY HH24:MI:SS'),23059253,'Cedula Colombiana','Ejecutiva');
Insert into RESERVA_VIAJEROS(ID_RESERVA_GENERAL,ID_VUELO,HORA_SALIDA_VIAJE,ID_VIAJERO,TIPO_ID_VIAJERO,CLASE) values(2,'AV1',TO_DATE('9-11-2016 06:24:56','DD-MM-YYYY HH24:MI:SS'),24563,'Visa','Economica');
Insert into RESERVA_VIAJEROS(ID_RESERVA_GENERAL,ID_VUELO,HORA_SALIDA_VIAJE,ID_VIAJERO,TIPO_ID_VIAJERO,CLASE) values(3,'LA1',TO_DATE('11-11-2016 04:24:56','DD-MM-YYYY HH24:MI:SS'),2355634,'Cedula Venezolana','Economica');
Insert into RESERVA_VIAJEROS(ID_RESERVA_GENERAL,ID_VUELO,HORA_SALIDA_VIAJE,ID_VIAJERO,TIPO_ID_VIAJERO,CLASE) values(6,'AV1',TO_DATE('22-11-2016 03:24:56','DD-MM-YYYY HH24:MI:SS'),23059253,'Cedula Colombiana','Economica');
Insert into RESERVA_VIAJEROS(ID_RESERVA_GENERAL,ID_VUELO,HORA_SALIDA_VIAJE,ID_VIAJERO,TIPO_ID_VIAJERO,CLASE) values(6,'AV1',TO_DATE('9-11-2016 06:24:56','DD-MM-YYYY HH24:MI:SS'),23059253,'Cedula Colombiana','Economica');
Insert into RESERVA_VIAJEROS(ID_RESERVA_GENERAL,ID_VUELO,HORA_SALIDA_VIAJE,ID_VIAJERO,TIPO_ID_VIAJERO,CLASE) values(6,'LA1',TO_DATE('11-11-2016 04:24:56','DD-MM-YYYY HH24:MI:SS'),23059253,'Cedula Colombiana','Economica');
Insert into RESERVA_VIAJEROS(ID_RESERVA_GENERAL,ID_VUELO,HORA_SALIDA_VIAJE,ID_VIAJERO,TIPO_ID_VIAJERO,CLASE) values(7,'AV1',TO_DATE('22-11-2016 03:24:56','DD-MM-YYYY HH24:MI:SS'),24563,'Visa','Ejecutiva');
Insert into RESERVA_VIAJEROS(ID_RESERVA_GENERAL,ID_VUELO,HORA_SALIDA_VIAJE,ID_VIAJERO,TIPO_ID_VIAJERO,CLASE) values(7,'AV1',TO_DATE('9-11-2016 06:24:56','DD-MM-YYYY HH24:MI:SS'),24563,'Visa','Ejecutiva');
Insert into RESERVA_VIAJEROS(ID_RESERVA_GENERAL,ID_VUELO,HORA_SALIDA_VIAJE,ID_VIAJERO,TIPO_ID_VIAJERO,CLASE) values(7,'LA1',TO_DATE('11-11-2016 04:24:56','DD-MM-YYYY HH24:MI:SS'),24563,'Visa','Ejecutiva');

/*Crear 50 aeropuertos*/
DECLARE
   CONT NUMBER := 1;

   TIPOV VARCHAR2(255):= 'Internacional';
   CIUDAD VARCHAR2(255 BYTE):='Bogota';
 
   
   
BEGIN
   WHILE CONT < 51 LOOP
   Insert into AEROPUERTO(COD_IATA,NOMBRE, TIPO, NOMBRE_CIUDAD) values ('Aeropuerto'||TO_CHAR(CONT), 'Aeropuerto '||TO_CHAR(CONT),'Internacional',CIUDAD);

CONT := CONT + 1;

  IF(CONT = 3)THEN
  CIUDAD:='Cali';
  END IF;
  IF(CONT = 7)THEN
  CIUDAD:='Medellin';
  END IF;
  IF(CONT = 10)THEN
  CIUDAD:='Caracas';
  END IF;
  IF(CONT = 13)THEN
  CIUDAD:='Barquisimeto';
  END IF;
  IF(CONT = 16)THEN
  CIUDAD:='Maracaibo';
  END IF;
  IF(CONT = 18)THEN
  CIUDAD:='Buenos Aires';
  END IF;
  IF(CONT = 23)THEN
  CIUDAD:='La Plata';
  END IF;
  IF(CONT = 26)THEN
  CIUDAD:='Rosario';
  END IF;
  IF(CONT = 28)THEN
  CIUDAD:='Vienna';
  END IF;
  IF(CONT = 33)THEN
  CIUDAD:='New York';
  END IF;
  IF(CONT = 36)THEN
  CIUDAD:='Orlando';
  END IF;
  IF(CONT = 38)THEN
  CIUDAD:='Boston';
  END IF;
  IF(CONT = 43)THEN
  CIUDAD:='Milano';
  END IF;
  IF(CONT = 47)THEN
  CIUDAD:='Roma';
  END IF;
  
      
        
   END LOOP;
END;

/* Crear mil aviones */
DECLARE
   CONT NUMBER := 1;
TIPO_AVION VARCHAR2(255 BYTE):= 'Viajeros';
   CAPACIDAD NUMBER := 80;
   ECON NUMBER := 40;
   EJEC NUMBER := 20;
   ANIO NUMBER:= 1990;
   MODEL NUMBER := 100;
      
BEGIN
   WHILE CONT < 1000 LOOP
 if(TIPO_AVION = 'Viajeros')then
   
   Insert into AVION(NUM_SERIE,MODELO, MARCA,ANIO_FABRICACION,TIPO) values ('Avion'||TO_CHAR(CONT),MODEL,'Boeing',ANIO,TIPO_AVION);
  Insert into AVION_VIAJEROS(NUM_SERIE,SILLAS_ECONOMICAS,SILLAS_EJECUTIVAS) values('Avion'||TO_CHAR(CONT),ECON,EJEC);
   end if;
   if(TIPO_AVION = 'Carga') then
      Insert into AVION(NUM_SERIE,MODELO, MARCA,ANIO_FABRICACION,TIPO) values ('Avion'||TO_CHAR(CONT),MODEL,'Boeing',ANIO,TIPO_AVION);
   Insert into AVION_CARGA(NUM_SERIE,CAPACIDAD) values ('Avion'||TO_CHAR(CONT), CAPACIDAD);
  end if;
  
  CONT:=CONT+1;
  CAPACIDAD := CAPACIDAD+1;
        ECON:= ECON+1;
        EJEC:=EJEC+1;
        ANIO:=ANIO+1;
        MODEL:=MODEL+1;
        IF(MODEL = 1000)THEN
        MODEL:=100;
        END IF;
        
          
    IF(ANIO = 2015)THEN
    ANIO := 1990;
    END IF;
       if(cont = 800)THEN
       TIPO_AVION:='Carga';
       end if;
       IF(CAPACIDAD = 140)THEN
       CAPACIDAD:=80;
       END IF;
       
       IF(ECON=140)THEN
       ECON:=40;
       END IF;
       IF(EJEC = 60)THEN
       EJEC:=20;
       END IF;
     
   END LOOP;
END;
        
/* Crear 100 mil vuelos*/
DECLARE
   CONT NUMBER := 1;
   IDV NUMBER := 100;
   DURA NUMBER := 1;
   DISTA NUMBER := 500;
   FREC NUMBER := 1;
   TIPOV VARCHAR2(255):= 'Internacional';
   AERO VARCHAR2(255) := 'AV';
   AEROS NUMBER := 1;
   AEROLL NUMBER:= 50;
   
   
   
BEGIN
   WHILE CONT < 100000 LOOP
   INSERT INTO VUELO (ID,DURACION,DISTANCIA,FRECUENCIA,AEROLINEA,AEROPUERTO_SALIDA,AEROPUERTO_LLEGADA,TIPO_VUELO) VALUES(AERO||TO_CHAR(IDV),DURA,DISTA,FREC,AERO,'Aeropuerto'||TO_CHAR(AEROS),'Aeropuerto'||TO_CHAR(AEROLL), TIPOV);
  

        IDV := IDV + 1;
        CONT:= CONT + 1;
        DURA := DURA + 1;
        DISTA := DISTA + 500;
        FREC := FREC + 1;
        AEROS:=AEROS+1;
        AEROLL:=AEROLL-1;
        
        IF (DURA > 9) THEN
          DURA := 1;
        END IF;
        IF (DISTA >5000) THEN
          DISTA := 500;
        END IF;
        IF (FREC> 4) THEN
          FREC := 1;
        END IF;
        IF (CONT = 10000) THEN
          AERO := 'AA';
         IDV:= 100;
        END IF;
        IF (CONT = 20000) THEN
          AERO := 'DL';
          IDV:= 100;
        END IF;
        IF (CONT = 30000) THEN
          AERO := 'LA';
          IDV:= 100;
        END IF;
        IF (CONT = 40000) THEN
          AERO := 'AZ';
          IDV:= 100;
        END IF;
         IF (CONT = 50000) THEN
          AERO := 'US';
          IDV:= 100;
        END IF;
         IF (CONT = 60000) THEN
          AERO := 'LH';
          IDV:= 100;
        END IF;
         IF (CONT = 70000) THEN
          AERO := 'AC';
          IDV:= 100;
        END IF;
         IF (CONT = 80000) THEN
          AERO := 'AF';
          IDV:= 100;
        END IF;
         IF (CONT = 90000) THEN
          AERO := 'IC';
          IDV:= 100;
        END IF;
        IF (AEROS > 50) THEN
          AEROS := 1;
          AEROLL:=50;
        END IF;
  
        
   END LOOP;
END;
/* Crear 1 millon de viajes y 1 millon de viajes viajeros*/
DECLARE
   IDVI NUMBER := 1;
   IDVU NUMBER := 100;
   AERO VARCHAR2(255 BYTE) := 'AV';
   CEJEC NUMBER := 400;
   CECON NUMBER := 200;
   AV NUMBER := 1;
  DIA NUMBER := 1;   
  DIA2 NUMBER := 1;
  REL CHAR(1) := 'N';
  HORA NUMBER:= 01;
  DURA NUMBER := 1;
  HORA2 NUMBER:= 01;
  MES NUMBER := 11;
  MES2 NUMBER := 11;
  ANIO NUMBER := 2016;
  ANIO2 NUMBER := 2016;
   
BEGIN
   WHILE IDVI < 1000000 LOOP
   REL := 'N';
    IF(TO_DATE(TO_CHAR(DIA)||'-'||TO_CHAR(MES)||'-'||TO_CHAR(ANIO)||' '||TO_CHAR(HORA)||':24:56','DD-MM-YYYY HH24:MI:SS')< CURRENT_DATE) THEN
    REL:='Y';
        END IF;
    DIA2:=DIA;
    MES2:=MES;
    ANIO2:=ANIO;
     SELECT (DURACION) INTO DURA FROM VUELO WHERE VUELO.ID = AERO||TO_CHAR(IDVU);
     HORA2 :=HORA + DURA;
     IF(HORA2 > 23 )THEN
      IF( DIA = DIA2)THEN
        DIA2:= DIA2+1;
      END IF;
      HORA2:= HORA+DURA-24;
      IF(DIA2 = 29)THEN
        DIA2 :=01;
        MES2:=MES2+1;
        IF(MES2=13)THEN
          MES2 := 1;
          ANIO2:= ANIO2+1;
        END IF;
      END IF;
     END IF;
     
     
   Insert into VIAJE (ID_VUELO,TIPO_VIAJE,AVION,HORA_SALIDA,HORA_LLEGADA,REALIZADO) values (AERO||TO_CHAR(IDVU),'Viajeros','Avion'||TO_CHAR(AV),TO_DATE(TO_CHAR(DIA)||'-'||TO_CHAR(MES)||'-'||TO_CHAR(ANIO)||' '||TO_CHAR(HORA)||':24:56','DD-MM-YYYY HH24:MI:SS'),TO_DATE(TO_CHAR(DIA2)||'-'||TO_CHAR(MES2)||'-'||TO_CHAR(ANIO2)||' '||TO_CHAR(HORA2)||':24:56','DD-MM-YYYY HH24:MI:SS'),REL);
  Insert into VIAJE_VIAJEROS(ID,HORA_SALIDA,COSTO_EJECUTIVO,COSTO_ECONOMICO) values (AERO||TO_CHAR(IDVU),TO_DATE(TO_CHAR(DIA)||'-'||TO_CHAR(MES)||'-'||TO_CHAR(ANIO)||' '||TO_CHAR(HORA)||':24:56','DD-MM-YYYY HH24:MI:SS'),CEJEC,CECON);

        IDVI := IDVI + 1;
        IDVU := IDVU + 1;
        CEJEC := CEJEC + 400;
        CECON := CECON + 200;
        AV := AV + 1;
      IF(MOD(IDVI,5) = 0)THEN
        HORA:= HORA + 1;
        IF(HORA = 24)THEN
          HORA := 00;
          DIA := DIA + 1;
          IF(DIA = 29)THEN
          DIA:=01;
          MES:=MES+1;
            IF(MES=13)THEN
            MES:=1;
            ANIO:=ANIO+1;
            END IF;
          END IF;
        END IF;
       END IF;
        IF(IDVU = 8000)THEN
          IDVU:=100;
          END IF;
        IF(IDVI = 100000)THEN
          IDVU:=100;
          AERO:='AA';
          DIA:=1;
          MES:=11;
          ANIO:=2016;
          END IF;
           IF(IDVI = 200000)THEN
          IDVU:=100;
          AERO:='DL';
          DIA:=1;
          MES:=11;
          ANIO:=2016;
          END IF;
           IF(IDVI = 300000)THEN
          IDVU:=100;
          AERO:='AZ';
          DIA:=1;
          MES:=11;
          ANIO:=2016;
          END IF;
           IF(IDVI = 400000)THEN
          IDVU:=100;
          AERO:='LA';
          DIA:=1;
          MES:=11;
          ANIO:=2016;
          END IF;

        IF (IDVI = 500000) THEN
          AERO := 'AC';
          DIA:=1;
          MES:=11;
          ANIO:=2016;
          IDVU:= 100;
        END IF;
         IF (IDVI = 600000) THEN
          AERO := 'US';
          DIA:=1;
          MES:=11;
          ANIO:=2016;
          IDVU:= 100;
        END IF;
         IF (IDVI = 700000) THEN
          AERO := 'LH';
          DIA:=1;
          MES:=11;
          ANIO:=2016;
          IDVU:= 100;        END IF;
         IF (IDVI = 800000) THEN
          AERO := 'AF';
          DIA:=1;
          MES:=11;
          ANIO:=2016;
          IDVU:= 100;        END IF;
         IF (IDVI = 900000) THEN
          AERO := 'IC';
          DIA:=1;
          MES:=11;
          ANIO:=2016;
          IDVU:= 100;        END IF;
        IF (CECON > 2000) THEN
          CECON := 200;
        END IF;
         IF (CEJEC > 4000) THEN
          CEJEC := 400;
        END IF;
        IF (AV > 999) THEN
          AV := 1;
        END IF; 

       
        
   END LOOP;
END;



/* Crear 200 mil de viajes y 200mil viajes de carga*/
DECLARE
   IDVI NUMBER := 1;
   IDVU NUMBER := 8000;
   AERO VARCHAR2(255 BYTE) := 'AV';
   CAPA NUMBER:=20;
   AV NUMBER := 1;
  DIA NUMBER := 1;   
  DIA2 NUMBER := 1;
  REL CHAR(1) := 'N';
  HORA NUMBER:= 01;
  DURA NUMBER := 1;
  HORA2 NUMBER:= 01;
  MES NUMBER := 11;
  MES2 NUMBER := 11;
  ANIO NUMBER := 2016;
  ANIO2 NUMBER := 2016;
   
BEGIN
   WHILE IDVI < 200000 LOOP
   REL := 'N';
    IF(TO_DATE(TO_CHAR(DIA)||'-'||TO_CHAR(MES)||'-'||TO_CHAR(ANIO)||' '||TO_CHAR(HORA)||':24:56','DD-MM-YYYY HH24:MI:SS')< CURRENT_DATE) THEN
    REL:='Y';
        END IF;
    DIA2:=DIA;
    MES2:=MES;
    ANIO2:=ANIO;
     SELECT (DURACION) INTO DURA FROM VUELO WHERE VUELO.ID = AERO||TO_CHAR(IDVU);
     HORA2 :=HORA + DURA;
     IF(HORA2 > 23 )THEN
      IF( DIA = DIA2)THEN
        DIA2:= DIA2+1;
      END IF;
      HORA2:= HORA+DURA-24;
      IF(DIA2 = 29)THEN
        DIA2 :=01;
        MES2:=MES2+1;
        IF(MES2=13)THEN
          MES2 := 1;
          ANIO2:= ANIO2+1;
        END IF;
      END IF;
     END IF;
     
     
   Insert into VIAJE (ID_VUELO,TIPO_VIAJE,AVION,HORA_SALIDA,HORA_LLEGADA,REALIZADO) values (AERO||TO_CHAR(IDVU),'Viajeros','Avion'||TO_CHAR(AV),TO_DATE(TO_CHAR(DIA)||'-'||TO_CHAR(MES)||'-'||TO_CHAR(ANIO)||' '||TO_CHAR(HORA)||':54:56','DD-MM-YYYY HH24:MI:SS'),TO_DATE(TO_CHAR(DIA2)||'-'||TO_CHAR(MES2)||'-'||TO_CHAR(ANIO2)||' '||TO_CHAR(HORA2)||':24:56','DD-MM-YYYY HH24:MI:SS'),REL);
  Insert into VIAJE_CARGA(ID,HORA_SALIDA,COSTO_DENSIDAD) values (AERO||TO_CHAR(IDVU),TO_DATE(TO_CHAR(DIA)||'-'||TO_CHAR(MES)||'-'||TO_CHAR(ANIO)||' '||TO_CHAR(HORA)||':54:56','DD-MM-YYYY HH24:MI:SS'),CAPA);

        IDVI := IDVI + 1;
        IDVU := IDVU + 1;
        CAPA:=CAPA+1;
        AV := AV + 1;
        
        HORA:= HORA + 1;
        IF(HORA = 24)THEN
          HORA := 00;
          DIA := DIA + 1;
          IF(DIA = 29)THEN
          DIA:=01;
          MES:=MES+1;
            IF(MES=13)THEN
            MES:=1;
            ANIO:=ANIO+1;
            END IF;
          END IF;
        END IF;
        IF(IDVU = 10000)THEN
          IDVU:=8000;
          END IF;
        IF(IDVI = 100000)THEN
          IDVU:=8000;
          AERO:='AA';
          DIA:=1;
          MES:=11;
          ANIO:=2016;
          END IF;
           IF(IDVI = 200000)THEN
          IDVU:=8000;
          AERO:='DL';
          DIA:=1;
          MES:=11;
          ANIO:=2016;
          END IF;
           IF(IDVI = 300000)THEN
          IDVU:=8000;
          AERO:='AZ';
          DIA:=1;
          MES:=11;
          ANIO:=2016;
          END IF;
           IF(IDVI = 400000)THEN
          IDVU:=8000;
          AERO:='LA';
          DIA:=1;
          MES:=11;
          ANIO:=2016;
          END IF;

        IF (IDVI = 500000) THEN
          AERO := 'AC';
          DIA:=1;
          MES:=11;
          ANIO:=2016;
          IDVU:= 100;
        END IF;
         IF (IDVI = 600000) THEN
          AERO := 'US';
          DIA:=1;
          MES:=11;
          ANIO:=2016;
          IDVU:= 100;
        END IF;
         IF (IDVI = 700000) THEN
          AERO := 'LH';
          DIA:=1;
          MES:=11;
          ANIO:=2016;
          IDVU:= 100;        END IF;
         IF (IDVI = 800000) THEN
          AERO := 'AF';
          DIA:=1;
          MES:=11;
          ANIO:=2016;
          IDVU:= 100;        END IF;
         IF (IDVI = 900000) THEN
          AERO := 'IC';
          DIA:=1;
          MES:=11;
          ANIO:=2016;
          IDVU:= 100;        END IF;
         IF (CAPA > 120) THEN
          CAPA := 20;
        END IF;
        IF (AV > 999) THEN
          AV := 1;
        END IF; 

       
        
   END LOOP;
END;




/* Crear 1500000 usuarios y 1500000 de viajeros*/
DECLARE
   IDVI NUMBER := 1000000;
   TIP VARCHAR2(255 BYTE) := 'Pasaporte';
   RO VARCHAR2(255 BYTE) := 'Viajero';
   PASS number := 1;
   
   
BEGIN
   WHILE IDVI < 2500000 LOOP
   
Insert into USUARIO(ID,TIPO_ID,NOMBRE,ROL,CLAVE) values(IDVI,TIP,'Pasajero'||TO_CHAR(PASS),RO,'abc'||TO_CHAR(PASS));
Insert into VIAJEROS(ID, TIPO_ID) values (IDVI,TIP);

        IDVI := IDVI + 1;
        PASS := PASS + 1;
        IF(IDVI = 2000000)THEN
          TIP:='Cedula Venezolana';
          END IF;
           IF(IDVI = 2250000)THEN
          TIP:='Cedula Colombiana';
          END IF;
        

       
        
   END LOOP;
END;



/* Crear 300000 cargas*/
DECLARE
   IDV NUMBER := 1000;
   CONT NUMBER := 1;
   PES NUMBER := 8;
   VOL number := 150;
   
   
BEGIN
   WHILE IDV < 301000 LOOP
   
Insert into CARGA(TRACKING_NUM,CONTENIDO,PESO,VOLUMEN) values(IDV,'Objeto'||TO_CHAR(CONT),PES,VOL);


        IDV := IDV + 1;
        CONT := CONT + 1;
        PES := PES + 1;
        IF(PES = 50) THEN
        PES:= 8;
        END IF;
        VOL:= VOL + 50;
        IF(VOL = 1000) THEN
        VOL:= 150;
        END IF;

       
        
   END LOOP;
END;

/* Asociar 1500000 viajeros a 1millon de viajes. 2 viajeros a cada viaje. 1o2 viajes a cada viajero*/
DECLARE
   IDVIAJER NUMBER := 1000000;
   TIPOID VARCHAR2(255 BYTE) := 'Pasaporte';

BEGIN
  FOR vuelos IN (SELECT ID,HORA_SALIDA FROM VIAJE_VIAJEROS)
  LOOP
  
  Insert into M_VIAJES_M_VIAJEROS(ID_VIAJEROS,TIPO_ID_VIAJEROS,ID_VUELO,HORA_SALIDA_VIAJE) values(IDVIAJER,TIPOID,vuelos.ID,vuelos.HORA_SALIDA);
  IDVIAJER:= IDVIAJER+1;
  
  IF(IDVIAJER = 2000000)THEN
          TIPOID:='Cedula Venezolana';
          END IF;
           IF(IDVIAJER = 2250000)THEN
          TIPOID:='Cedula Colombiana';
          END IF;
          if(IDVIAJER = 2500000)THEN
          IDVIAJER:= 1000000;
          TIPOID:='Pasaporte';
          END IF;
  Insert into M_VIAJES_M_VIAJEROS(ID_VIAJEROS,TIPO_ID_VIAJEROS,ID_VUELO,HORA_SALIDA_VIAJE) values(IDVIAJER,TIPOID,vuelos.ID,vuelos.HORA_SALIDA);
  IDVIAJER:= IDVIAJER+1;
  
  IF(IDVIAJER = 2000000)THEN
          TIPOID:='Cedula Venezolana';
          END IF;
           IF(IDVIAJER = 2250000)THEN
          TIPOID:='Cedula Colombiana';
          END IF;
          if(IDVIAJER = 2500000)THEN
          IDVIAJER:= 1000000;
          TIPOID:='Pasaporte';
          END IF;
  
    END LOOP;
END;


/* Asociar 300000 cargas a 200mil viajes. 2 cargas a cada viaje. 1 o 2  viajes a cada carga*/
DECLARE
   IDCAR NUMBER := 1000;

BEGIN
  FOR vuelos IN (SELECT ID,HORA_SALIDA FROM VIAJE_CARGA)
  LOOP
  
Insert into M_VIAJES_M_CARGAS(ID_CARGA,ID_VUELO,HORA_SALIDA_VIAJE) values(IDCAR,vuelos.ID,vuelos.HORA_SALIDA);
  IDCAR:= IDCAR+1;
  
  IF(IDCAR = 301000)THEN
        IDCAR := 1000;
          END IF;
 Insert into M_VIAJES_M_CARGAS(ID_CARGA,ID_VUELO,HORA_SALIDA_VIAJE) values(IDCAR,vuelos.ID,vuelos.HORA_SALIDA);
  IDCAR:= IDCAR+1;
  
  IF(IDCAR = 301000)THEN
        IDCAR := 1000;
          END IF;
  
          
    END LOOP;
END;





COMMIT;
