DROP TABLE RESERVA_VIAJEROS;
DROP TABLE RESERVA_CARGA;
DROP TABLE RESERVA;
DROP TABLE CARGA;
DROP TABLE M_VIAJES_M_REMITENTES;
DROP TABLE REMITENTES;
DROP TABLE M_VIAJES_M_VIAJEROS;
DROP TABLE VIAJEROS;
DROP TABLE NACIONALIDADES_USUARIOS;
DROP TABLE USUARIO;
DROP TABLE VIAJE_CARGA;
DROP TABLE VIAJE_VIAJEROS;
DROP TABLE VIAJE;
DROP TABLE VUELO;
DROP TABLE AVION_CARGA;
DROP TABLE AVION_VIAJEROS;
DROP TABLE AVION;
DROP TABLE AEROPUERTO;
DROP TABLE AEROLINEA;
DROP TABLE CIUDAD;
DROP TABLE PAIS;



CREATE TABLE PAIS
(
  NOMBRE VARCHAR2(255 BYTE) NOT NULL,
  CONSTRAINT PAIS_PK PRIMARY KEY (NOMBRE)
);
CREATE TABLE CIUDAD
(
  NOMBRE VARCHAR2(255 BYTE) NOT NULL,
  NOMBRE_PAIS VARCHAR2(255 BYTE) NOT NULL,
  CONSTRAINT FK_NOMBRE_PAIS_CIUDAD FOREIGN KEY(NOMBRE_PAIS) REFERENCES PAIS(NOMBRE),
  CONSTRAINT CIUDAD_PK PRIMARY KEY (NOMBRE)
);
CREATE TABLE AEROLINEA
(
  COD_IATA VARCHAR2(255 BYTE) NOT NULL,
  NOMBRE VARCHAR2(255 BYTE) NOT NULL,
  CONSTRAINT COD_IATA_PK PRIMARY KEY (COD_IATA)
);

CREATE TABLE AEROPUERTO
(
  COD_IATA VARCHAR2(255 BYTE) NOT NULL,
  NOMBRE VARCHAR2(255 BYTE) NOT NULL,
  TIPO VARCHAR2(255 BYTE) NOT NULL,
  NOMBRE_CIUDAD VARCHAR2(255 BYTE) NOT NULL,
  CONSTRAINT FK_CIUDAD_AEROPUERTO FOREIGN KEY(NOMBRE_CIUDAD) REFERENCES CIUDAD(NOMBRE),
  CONSTRAINT COD_IATA_AEROPUERTO_PK PRIMARY KEY (COD_IATA)
);

CREATE TABLE AVION
(
  NUM_SERIE VARCHAR2(255 BYTE) NOT NULL,
  MODELO VARCHAR2(255 BYTE),
  MARCA VARCHAR2(255 BYTE),
  ANIO_FABRICACION NUMBER,
  TIPO VARCHAR2(255 BYTE),
  CONSTRAINT CK_TIPO_AVION CHECK(TIPO = 'Carga' OR TIPO = 'Viajeros'),
  CONSTRAINT CK_ANIO_VALIDO CHECK(ANIO_FABRICACION > 0),
  CONSTRAINT NUM_SERIE_PK PRIMARY KEY (NUM_SERIE)
);
CREATE TABLE AVION_VIAJEROS
(
  NUM_SERIE VARCHAR2(255 BYTE) NOT NULL,
  SILLAS_EJECUTIVAS NUMBER,
  SILLAS_ECONOMICAS NUMBER,
  CONSTRAINT CK_EJEC_VALIDAS CHECK(SILLAS_EJECUTIVAS > 0),
  CONSTRAINT CK_ECON_VALIDAD CHECK(SILLAS_ECONOMICAS > 0),
  CONSTRAINT FK_AVION_VIAJEROS FOREIGN KEY(NUM_SERIE) REFERENCES AVION(NUM_SERIE),
  CONSTRAINT AVION_PASAJEROS_PK PRIMARY KEY (NUM_SERIE)
);
CREATE TABLE AVION_CARGA
(
  NUM_SERIE VARCHAR2(255 BYTE) NOT NULL,
  CAPACIDAD DOUBLE PRECISION,
  CONSTRAINT FK_AVION_CARGA FOREIGN KEY(NUM_SERIE) REFERENCES AVION(NUM_SERIE),
  CONSTRAINT AVION_CARGA_PK PRIMARY KEY (NUM_SERIE)
);


CREATE TABLE VUELO
(
  ID NUMBER NOT NULL,
  DURACION VARCHAR2(255 BYTE),
  DISTANCIA DOUBLE PRECISION,
  FRECUENCIA NUMBER,
  TIPO_VUELO VARCHAR2(255 BYTE),
  AEROLINEA VARCHAR2(255 BYTE) NOT NULL,
 CONSTRAINT CK_TIPO_VUELO CHECK(TIPO_VUELO = 'Internacional' OR TIPO_VUELO = 'Nacional' OR TIPO_VUELO = 'Local'),
  AEROPUERTO_SALIDA VARCHAR2(255 BYTE) NOT NULL,
  AEROPUERTO_LLEGADA VARCHAR2(255 BYTE) NOT NULL,
  CONSTRAINT FK_AEROLINEA_VUELO FOREIGN KEY(AEROLINEA) REFERENCES AEROLINEA(COD_IATA),
  CONSTRAINT FK_AEROPUERTO_SALIDA FOREIGN KEY(AEROPUERTO_SALIDA) REFERENCES AEROPUERTO(COD_IATA),
  CONSTRAINT FK_AEROPUERTO_LLEGADA FOREIGN KEY(AEROPUERTO_LLEGADA) REFERENCES AEROPUERTO(COD_IATA),
  CONSTRAINT VUELO_PK PRIMARY KEY (ID)
);

CREATE TABLE VIAJE
(
  ID NUMBER NOT NULL,
  ID_VUELO not null,
  TIPO_VIAJE VARCHAR2(255 BYTE),
  AVION VARCHAR2(255 BYTE),
  HORA_SALIDA DATE,
  REALIZADO CHAR(1),
  CONSTRAINT CK_TIPO_VIAJE CHECK(TIPO_VIAJE = 'Viajeros' OR TIPO_VIAJE = 'Carga'),
  CONSTRAINT CK_CHAR CHECK(REALIZADO = 'Y' OR REALIZADO = 'N'),
  CONSTRAINT FK_ID_VUELO_VIAJE FOREIGN KEY(ID_VUELO) REFERENCES VUELO(ID),
  CONSTRAINT FK_AVION_VIAJE FOREIGN KEY(AVION) REFERENCES AVION(NUM_SERIE),
  CONSTRAINT VIAJE_PK PRIMARY KEY (ID)
);

CREATE TABLE VIAJE_VIAJEROS
(
  ID NUMBER NOT NULL,
  COSTO_EJECUTIVO DOUBLE PRECISION,
  COSTO_ECONOMICO DOUBLE PRECISION,
  CONSTRAINT FK_VIAJE_VIAJEROS FOREIGN KEY (ID) REFERENCES VIAJE(ID),
  CONSTRAINT VIAJE_VIAJEROS_PK PRIMARY KEY (ID)
);
CREATE TABLE VIAJE_CARGA
(
  ID NUMBER NOT NULL,
  COSTO_DENSIDAD DOUBLE PRECISION,
  CONSTRAINT FK_VUELO_CARGA FOREIGN KEY (ID) REFERENCES VIAJE(ID),
  CONSTRAINT VUELO_CARGA_PK PRIMARY KEY (ID)
);


CREATE TABLE USUARIO 
(
  ID NUMBER NOT NULL,
  TIPO_ID VARCHAR2(255 BYTE),
  NOMBRE VARCHAR2(255 BYTE), 
  ROL VARCHAR2(255 BYTE),
  CLAVE VARCHAR2(255 BYTE),
  AEROLINEA_FRECUENTE VARCHAR2(255 BYTE),
  CONSTRAINT FK_AEROLINEA_FRECUENTE FOREIGN KEY(AEROLINEA_FRECUENTE) REFERENCES AEROLINEA(COD_IATA),
  CONSTRAINT USUARIO_PK PRIMARY KEY (ID,TIPO_ID)
);


CREATE TABLE VIAJEROS
(
  ID NUMBER NOT NULL,
  TIPO_ID VARCHAR2(255 BYTE),
  MILLAS_RECORRIDAS DOUBLE PRECISION,
  CONSTRAINT VIAJEROS_PK PRIMARY KEY (ID,TIPO_ID),
  CONSTRAINT FK_VIAJEROS FOREIGN KEY(ID,TIPO_ID) REFERENCES USUARIO(ID,TIPO_ID)
);

CREATE TABLE M_VIAJES_M_VIAJEROS
(
  ID_VIAJEROS NUMBER,
  TIPO_ID_VIAJEROS VARCHAR2(255 BYTE),
  ID_VIAJE NUMBER,
  CONSTRAINT M_VIAJES_M_VIAJEROS_PK PRIMARY KEY (ID_VIAJEROS, TIPO_ID_VIAJEROS,ID_VIAJE),
  CONSTRAINT FK_VIAJEROS_DE_VIAJE FOREIGN KEY(ID_VIAJEROS, TIPO_ID_VIAJEROS) REFERENCES VIAJEROS(ID, TIPO_ID),
  CONSTRAINT FK_VIAJES_DE_VIAJERO FOREIGN KEY(ID_VIAJE) REFERENCES VIAJE_VIAJEROS(ID)
  
);


CREATE TABLE REMITENTES
(
  ID NUMBER NOT NULL, 
  TIPO_ID VARCHAR2(255 BYTE),
  CONSTRAINT REMITENTES_PK PRIMARY KEY (ID,TIPO_ID),
  CONSTRAINT FK_REMITENTES FOREIGN KEY(ID,TIPO_ID) REFERENCES USUARIO(ID,TIPO_ID)
  
);

CREATE TABLE M_VIAJES_M_REMITENTES
(
  ID_REMITENTE NUMBER,
  TIPO_ID_REMITENTE VARCHAR2(255 BYTE),
  ID_VIAJE NUMBER,
  CONSTRAINT VIAJES_DE_REMITENTES_PK PRIMARY KEY (ID_REMITENTE, TIPO_ID_REMITENTE,ID_VIAJE),
  CONSTRAINT FK_REMITENTE_VIAJES FOREIGN KEY(ID_REMITENTE, TIPO_ID_REMITENTE) REFERENCES REMITENTES(ID, TIPO_ID),
  CONSTRAINT FK_VIAJE_REMITENTE FOREIGN KEY(ID_VIAJE) REFERENCES VIAJE_CARGA(ID)
  
);

CREATE TABLE NACIONALIDADES_USUARIOS
(
  ID_USUARIO NUMBER NOT NULL,
  TIPO_ID_USUARIO VARCHAR2(255 BYTE),
  NACIONALIDAD VARCHAR2(255 BYTE) NOT NULL,
  CONSTRAINT NACIONALIDAD_USUARIO_PK PRIMARY KEY (ID_USUARIO,NACIONALIDAD),
  CONSTRAINT FK_USUARIO_NACIONALIDAD FOREIGN KEY(ID_USUARIO,TIPO_ID_USUARIO) REFERENCES USUARIO(ID, TIPO_ID),
  CONSTRAINT FK_NACIONALIDADES FOREIGN KEY(NACIONALIDAD) REFERENCES PAIS(NOMBRE)
);


CREATE TABLE CARGA
(
  TRACKING_NUM NUMBER NOT NULL,
  CONTENIDO VARCHAR2(255 BYTE),
  PESO DOUBLE PRECISION,
  VOLUMEN DOUBLE PRECISION,
  CONSTRAINT CARGA_PK PRIMARY KEY (TRACKING_NUM)
);

CREATE TABLE RESERVA
(
  ID NUMBER GENERATED BY DEFAULT ON NULL AS IDENTITY,
  FECHA DATE,
  FECHA_ACTUAL DATE DEFAULT CURRENT_DATE,
  TIPO_RESERVA VARCHAR2(255 BYTE),
  AERO_SAL VARCHAR2(255 BYTE),
  AERO_LLEG VARCHAR2(255 BYTE),
  CONSTRAINT FK_AEROPUERTOSAL_RESERVA FOREIGN KEY(AERO_SAL) REFERENCES AEROPUERTO(COD_IATA),
  CONSTRAINT CK_TIPO_RESERVA CHECK(TIPO_RESERVA = 'Carga' OR TIPO_RESERVA = 'Viajeros'),
  CONSTRAINT CK_FECHA_RESERVA CHECK(FECHA > FECHA_ACTUAL),
  CONSTRAINT RESERVA_PK PRIMARY KEY (ID)
);

CREATE TABLE RESERVA_VIAJEROS
(
  ID NUMBER GENERATED BY DEFAULT ON NULL AS IDENTITY,
  ID_RESERVA_GENERAL NUMBER,
  ID_VIAJERO NUMBER NOT NULL,
  TIPO_ID_VIAJERO VARCHAR2(255 BYTE),
  ID_VIAJE NUMBER,
  TIPO VARCHAR2(255 BYTE) NOT NULL,
  CONSTRAINT CK_TIPO_M_RESERVAS CHECK(TIPO = 'Ejecutiva' OR TIPO = 'Economica'),
  CONSTRAINT FK_VUELO_RESERVA_M FOREIGN KEY(ID_VIAJE) REFERENCES VIAJE_VIAJEROS(ID),
  CONSTRAINT FK_VIAJEROS_RESERVA_MULTIPLES FOREIGN KEY (ID_VIAJERO, TIPO_ID_VIAJERO) REFERENCES VIAJEROS(ID, TIPO_ID),
  CONSTRAINT RESERVA_MULTIPLES_VIAJES_PK PRIMARY KEY (ID),
  CONSTRAINT FK_RESERVA_MULTIPLES_VUELOS FOREIGN KEY(ID_RESERVA_GENERAL) REFERENCES RESERVA(ID)
);


CREATE TABLE RESERVA_CARGA
(
  ID NUMBER,
  ID_VIAJE NUMBER NOT NULL,
  ID_REMITENTE NUMBER NOT NULL,
  TIPO_ID_REMITENTE VARCHAR2(255 BYTE),
  ID_CARGA NUMBER NOT NULL,
  CONSTRAINT FK_VUELO_RESERVA_CARGA FOREIGN KEY (ID_VIAJE) REFERENCES VIAJE_CARGA(ID),
  CONSTRAINT FK_REMITENTE_RESERVA_CARGA FOREIGN KEY (ID_REMITENTE,TIPO_ID_REMITENTE) REFERENCES REMITENTES(ID,TIPO_ID),
  CONSTRAINT FK_CARGA_RESERVA_CARGA FOREIGN KEY (ID_CARGA) REFERENCES CARGA(TRACKING_NUM),
  CONSTRAINT RESERVA_CARGA_PK PRIMARY KEY (ID),
  CONSTRAINT FK_RESERVA_CARGA FOREIGN KEY(ID) REFERENCES RESERVA(ID)
);

Insert into PAIS (NOMBRE) values ('Colombia');
Insert into PAIS (NOMBRE) values ('Venezuela');
Insert into PAIS (NOMBRE) values ('Argentina');
Insert into PAIS (NOMBRE) values ('Estados Unidos');
Insert into PAIS (NOMBRE) values ('Italia');

Insert into CIUDAD (NOMBRE, NOMBRE_PAIS ) values ('Bogota','Colombia');
Insert into CIUDAD (NOMBRE, NOMBRE_PAIS ) values ('Cali','Colombia');
Insert into CIUDAD (NOMBRE, NOMBRE_PAIS ) values ('Medellin','Colombia');
Insert into CIUDAD (NOMBRE, NOMBRE_PAIS ) values ('Caracas','Venezuela');
Insert into CIUDAD (NOMBRE, NOMBRE_PAIS ) values ('Barquisimeto','Venezuela');
Insert into CIUDAD (NOMBRE, NOMBRE_PAIS ) values ('Maracaibo','Venezuela');
Insert into CIUDAD (NOMBRE, NOMBRE_PAIS ) values ('Buenos Aires','Argentina');
Insert into CIUDAD (NOMBRE, NOMBRE_PAIS ) values ('La Plata','Argentina');
Insert into CIUDAD (NOMBRE, NOMBRE_PAIS ) values ('Rosario','Argentina');
Insert into CIUDAD (NOMBRE, NOMBRE_PAIS ) values ('New York','Estados Unidos');
Insert into CIUDAD (NOMBRE, NOMBRE_PAIS ) values ('Orlando','Estados Unidos');
Insert into CIUDAD (NOMBRE, NOMBRE_PAIS ) values ('Boston','Estados Unidos');
Insert into CIUDAD (NOMBRE, NOMBRE_PAIS ) values ('Vienna','Italia');
Insert into CIUDAD (NOMBRE, NOMBRE_PAIS ) values ('Milano','Italia');
Insert into CIUDAD (NOMBRE, NOMBRE_PAIS ) values ('Roma','Italia');

Insert into AEROLINEA(COD_IATA, NOMBRE) values ('AV', 'Avianca');
Insert into AEROLINEA(COD_IATA, NOMBRE) values ('AA', 'American Airlines');
Insert into AEROLINEA(COD_IATA, NOMBRE) values ('LA', 'LATAM Airlines');
Insert into AEROLINEA(COD_IATA, NOMBRE) values ('DL', 'Delta');
Insert into AEROLINEA(COD_IATA, NOMBRE) values ('AZ', 'Alitalia');

Insert into AEROPUERTO(COD_IATA,NOMBRE, TIPO, NOMBRE_CIUDAD) values ('CCS', 'Aeropuerto Simon Bolivar','Internacional','Caracas');
Insert into AEROPUERTO(COD_IATA,NOMBRE, TIPO, NOMBRE_CIUDAD) values ('BOG', 'El Dorado Intl','Internacional','Bogota');
Insert into AEROPUERTO(COD_IATA,NOMBRE, TIPO, NOMBRE_CIUDAD) values ('SWF', 'Stewart International','Internacional','New York');
Insert into AEROPUERTO(COD_IATA,NOMBRE, TIPO, NOMBRE_CIUDAD) values ('EZE', 'Ministro Pistarini','Local','Buenos Aires');
Insert into AEROPUERTO(COD_IATA,NOMBRE, TIPO, NOMBRE_CIUDAD) values ('AEP', 'Jorge Newbery','Local','Buenos Aires');
Insert into AEROPUERTO(COD_IATA,NOMBRE, TIPO, NOMBRE_CIUDAD) values ('KMW', 'Kostroma','Nacional','Roma');
Insert into AEROPUERTO(COD_IATA,NOMBRE, TIPO, NOMBRE_CIUDAD) values ('VIE', 'International','Nacional','Vienna');
Insert into AEROPUERTO(COD_IATA,NOMBRE, TIPO, NOMBRE_CIUDAD) values ('RMA', 'Roma','Internacional','Roma');



Insert into AVION(NUM_SERIE,MODELO, MARCA,ANIO_FABRICACION,TIPO) values ('YV3453','747','Boeing',2006,'Viajeros');
Insert into AVION(NUM_SERIE,MODELO, MARCA,ANIO_FABRICACION,TIPO) values ('YV3653','747','Boeing',2006,'Carga');
Insert into AVION(NUM_SERIE,MODELO, MARCA,ANIO_FABRICACION,TIPO) values ('N6753','A312','Airbus',2002, 'Carga');
Insert into AVION(NUM_SERIE,MODELO, MARCA,ANIO_FABRICACION,TIPO) values ('N2567','A312','Airbus',2000,'Viajeros');
Insert into AVION(NUM_SERIE,MODELO, MARCA,ANIO_FABRICACION,TIPO) values ('HK4343','707','Boeing',2008, 'Viajeros');
Insert into AVION(NUM_SERIE,MODELO, MARCA,ANIO_FABRICACION,TIPO) values ('HK4763','710','Boeing',2008,'Carga');
Insert into AVION(NUM_SERIE,MODELO, MARCA,ANIO_FABRICACION,TIPO) values ('LV4153','A301','Airbus',2013,'Viajeros');
Insert into AVION(NUM_SERIE,MODELO, MARCA,ANIO_FABRICACION,TIPO) values ('I3463','407','Boeing',2014,'Viajeros');

Insert into AVION_VIAJEROS(NUM_SERIE,SILLAS_ECONOMICAS,SILLAS_EJECUTIVAS) values('YV3453',80,15);
Insert into AVION_VIAJEROS(NUM_SERIE,SILLAS_ECONOMICAS,SILLAS_EJECUTIVAS) values('N2567',90,10);
Insert into AVION_VIAJEROS(NUM_SERIE,SILLAS_ECONOMICAS,SILLAS_EJECUTIVAS) values('HK4343',100,15);
Insert into AVION_VIAJEROS(NUM_SERIE,SILLAS_ECONOMICAS,SILLAS_EJECUTIVAS) values('LV4153',60,11);
Insert into AVION_VIAJEROS(NUM_SERIE,SILLAS_ECONOMICAS,SILLAS_EJECUTIVAS) values('I3463',30,5);

Insert into AVION_CARGA(NUM_SERIE,CAPACIDAD) values ('YV3653', 100);
Insert into AVION_CARGA(NUM_SERIE,CAPACIDAD) values ('N2567', 80);
Insert into AVION_CARGA(NUM_SERIE,CAPACIDAD) values ('HK4763', 90);


Insert into VUELO (ID,DURACION,DISTANCIA,FRECUENCIA,AEROLINEA,AEROPUERTO_SALIDA,AEROPUERTO_LLEGADA,TIPO_VUELO) values (1,'05:00',2485,2,'AV','CCS','SWF','Internacional');
Insert into VUELO (ID,DURACION,DISTANCIA,FRECUENCIA,AEROLINEA,AEROPUERTO_SALIDA,AEROPUERTO_LLEGADA,TIPO_VUELO) values (2,'01:00',500,4,'LA','EZE','AEP','Local');
Insert into VUELO (ID,DURACION,DISTANCIA,FRECUENCIA,AEROLINEA,AEROPUERTO_SALIDA,AEROPUERTO_LLEGADA,TIPO_VUELO) values (3,'02:00',2000,2,'DL','KMW','VIE','Nacional');
Insert into VUELO (ID,DURACION,DISTANCIA,FRECUENCIA,AEROLINEA,AEROPUERTO_SALIDA,AEROPUERTO_LLEGADA,TIPO_VUELO) values (4,'04:00',1000,3,'AZ','SWF','RMA','Internacional');
Insert into VUELO (ID,DURACION,DISTANCIA,FRECUENCIA,AEROLINEA,AEROPUERTO_SALIDA,AEROPUERTO_LLEGADA,TIPO_VUELO) values (5,'06:00',4000,1,'DL','RMA','VIE','Internacional');
Insert into VUELO (ID,DURACION,DISTANCIA,FRECUENCIA,AEROLINEA,AEROPUERTO_SALIDA,AEROPUERTO_LLEGADA,TIPO_VUELO) values (6,'06:00',4000,1,'AV','CCS','SWF','Internacional');
Insert into VUELO (ID,DURACION,DISTANCIA,FRECUENCIA,AEROLINEA,AEROPUERTO_SALIDA,AEROPUERTO_LLEGADA,TIPO_VUELO) values (7,'06:00',4000,1,'AV','CCS','SWF','Internacional');


Insert into VIAJE (ID,ID_VUELO,TIPO_VIAJE,AVION,HORA_SALIDA,REALIZADO) values (1,1,'Viajeros','YV3453',TO_DATE('22-NOV-2016 03:24:56','DD-MON-YYYY HH24:MI:SS'),'N');
Insert into VIAJE (ID,ID_VUELO,TIPO_VIAJE,AVION,HORA_SALIDA,REALIZADO) values (2,1,'Viajeros','LV4153',TO_DATE('5-NOV-2016 08:24:56','DD-MON-YYYY HH24:MI:SS'),'Y');
Insert into VIAJE (ID,ID_VUELO,TIPO_VIAJE,AVION,HORA_SALIDA,REALIZADO) values (3,1,'Carga','YV3653',TO_DATE('9-NOV-2016 06:24:56','DD-MON-YYYY HH24:MI:SS'),'Y');
Insert into VIAJE (ID,ID_VUELO,TIPO_VIAJE,AVION,HORA_SALIDA,REALIZADO) values (4,1,'Viajeros','YV3453',TO_DATE('13-NOV-2016 01:24:56','DD-MON-YYYY HH24:MI:SS'),'Y');
Insert into VIAJE (ID,ID_VUELO,TIPO_VIAJE,AVION,HORA_SALIDA,REALIZADO) values (5,2,'Viajeros','HK4343',TO_DATE('11-NOV-2016 04:24:56','DD-MON-YYYY HH24:MI:SS'),'Y');
Insert into VIAJE (ID,ID_VUELO,TIPO_VIAJE,AVION,HORA_SALIDA,REALIZADO) values (6,2,'Carga','N2567',TO_DATE('12-NOV-2016 04:24:56','DD-MON-YYYY HH24:MI:SS'),'Y');
Insert into VIAJE (ID,ID_VUELO,TIPO_VIAJE,AVION,HORA_SALIDA,REALIZADO) values (7,3,'Carga','YV3653',TO_DATE('12-NOV-2016 09:24:56','DD-MON-YYYY HH24:MI:SS'),'Y');
Insert into VIAJE (ID,ID_VUELO,TIPO_VIAJE,AVION,HORA_SALIDA,REALIZADO) values (8,4,'Viajeros','HK4343',TO_DATE('23-NOV-2016 01:24:56','DD-MON-YYYY HH24:MI:SS'),'N');
Insert into VIAJE (ID,ID_VUELO,TIPO_VIAJE,AVION,HORA_SALIDA,REALIZADO) values (9,4,'Carga','HK4763',TO_DATE('23-NOV-2016 01:24:56','DD-MON-YYYY HH24:MI:SS'),'N');
Insert into VIAJE (ID,ID_VUELO,TIPO_VIAJE,AVION,HORA_SALIDA,REALIZADO) values (10,5,'Viajeros','I3463',TO_DATE('25-NOV-2016 04:24:56','DD-MON-YYYY HH24:MI:SS'),'N');
Insert into VIAJE (ID,ID_VUELO,TIPO_VIAJE,AVION,HORA_SALIDA,REALIZADO) values (11,5,'Carga','HK4763',TO_DATE('23-NOV-2016 01:24:56','DD-MON-YYYY HH24:MI:SS'),'N');
Insert into VIAJE (ID,ID_VUELO,TIPO_VIAJE,AVION,HORA_SALIDA,REALIZADO) values (12,6,'Viajeros','N2567',TO_DATE('25-NOV-2016 04:24:56','DD-MON-YYYY HH24:MI:SS'),'N');
Insert into VIAJE (ID,ID_VUELO,TIPO_VIAJE,AVION,HORA_SALIDA,REALIZADO) values (13,7,'Viajeros','YV3453',TO_DATE('25-NOV-2016 06:24:56','DD-MON-YYYY HH24:MI:SS'),'N');



Insert into VIAJE_VIAJEROS(ID,COSTO_EJECUTIVO,COSTO_ECONOMICO) values (1,400,300);
Insert into VIAJE_VIAJEROS(ID,COSTO_EJECUTIVO,COSTO_ECONOMICO) values (2,100,50);
Insert into VIAJE_VIAJEROS(ID,COSTO_EJECUTIVO,COSTO_ECONOMICO) values (4,200,150);
Insert into VIAJE_VIAJEROS(ID,COSTO_EJECUTIVO,COSTO_ECONOMICO) values (5,1000,500);
Insert into VIAJE_VIAJEROS(ID,COSTO_EJECUTIVO,COSTO_ECONOMICO) values (8,1200,600);
Insert into VIAJE_VIAJEROS(ID,COSTO_EJECUTIVO,COSTO_ECONOMICO) values (10,1500,800);
Insert into VIAJE_VIAJEROS(ID,COSTO_EJECUTIVO,COSTO_ECONOMICO) values (12,1800,1000);
Insert into VIAJE_VIAJEROS(ID,COSTO_EJECUTIVO,COSTO_ECONOMICO) values (13,2100,1200);



Insert into VIAJE_CARGA (ID,COSTO_DENSIDAD) values (3,30);
Insert into VIAJE_CARGA (ID,COSTO_DENSIDAD) values (6,50);
Insert into VIAJE_CARGA (ID,COSTO_DENSIDAD) values (7,60);
Insert into VIAJE_CARGA (ID,COSTO_DENSIDAD) values (9,100);
Insert into VIAJE_CARGA (ID,COSTO_DENSIDAD) values (11,40);


Insert into USUARIO(ID,TIPO_ID,NOMBRE,ROL,CLAVE,AEROLINEA_FRECUENTE) values(23059253,'Cedula Colombiana','Carlos','Remitente','papacito',null);
Insert into USUARIO(ID,TIPO_ID,NOMBRE,ROL,CLAVE,AEROLINEA_FRECUENTE) values(24563,'Visa','Pepe','Viajero','papi',null);
Insert into USUARIO(ID,TIPO_ID,NOMBRE,ROL,CLAVE,AEROLINEA_FRECUENTE) values(2355634,'Cedula Venezolana','David','Viajero','contra','AV');
Insert into USUARIO(ID,TIPO_ID,NOMBRE,ROL,CLAVE,AEROLINEA_FRECUENTE) values(2345234,'Pasaporte','Ricardo','AdminVuelAndes','heyhey',null);
Insert into USUARIO(ID,TIPO_ID,NOMBRE,ROL,CLAVE,AEROLINEA_FRECUENTE) values(4342421,'Pasaporte','Javier','AdminAeropuerto','12345',null);

Insert into NACIONALIDADES_USUARIOS(ID_USUARIO, TIPO_ID_USUARIO, NACIONALIDAD) values(23059253,'Cedula Colombiana','Colombia');
Insert into NACIONALIDADES_USUARIOS(ID_USUARIO, TIPO_ID_USUARIO, NACIONALIDAD) values(23059253,'Cedula Colombiana','Venezuela');
Insert into NACIONALIDADES_USUARIOS(ID_USUARIO,TIPO_ID_USUARIO,NACIONALIDAD) values(24563,'Visa','Italia');
Insert into NACIONALIDADES_USUARIOS(ID_USUARIO,TIPO_ID_USUARIO, NACIONALIDAD) values(2355634,'Cedula Venezolana','Colombia');
Insert into NACIONALIDADES_USUARIOS(ID_USUARIO,TIPO_ID_USUARIO,NACIONALIDAD) values(2345234,'Pasaporte','Estados Unidos');
Insert into NACIONALIDADES_USUARIOS(ID_USUARIO,TIPO_ID_USUARIO, NACIONALIDAD) values(4342421,'Pasaporte','Argentina');

Insert into VIAJEROS(ID, TIPO_ID) values (23059253,'Cedula Colombiana' );
Insert into VIAJEROS(ID, TIPO_ID) values (24563,'Visa');
Insert into VIAJEROS(ID, TIPO_ID) values (2355634,'Cedula Venezolana');

Insert into M_VIAJES_M_VIAJEROS(ID_VIAJEROS,TIPO_ID_VIAJEROS,ID_VIAJE) values(23059253,'Cedula Colombiana',1);
Insert into M_VIAJES_M_VIAJEROS(ID_VIAJEROS,TIPO_ID_VIAJEROS,ID_VIAJE) values(23059253,'Cedula Colombiana',2);
Insert into M_VIAJES_M_VIAJEROS(ID_VIAJEROS,TIPO_ID_VIAJEROS,ID_VIAJE) values(23059253,'Cedula Colombiana',4);
Insert into M_VIAJES_M_VIAJEROS(ID_VIAJEROS,TIPO_ID_VIAJEROS,ID_VIAJE) values(24563,'Visa',1);
Insert into M_VIAJES_M_VIAJEROS(ID_VIAJEROS,TIPO_ID_VIAJEROS,ID_VIAJE) values(2355634,'Cedula Venezolana',5);
Insert into M_VIAJES_M_VIAJEROS(ID_VIAJEROS,TIPO_ID_VIAJEROS,ID_VIAJE) values(2355634,'Cedula Venezolana',8);



Insert into REMITENTES(ID,TIPO_ID) values (2345234,'Pasaporte');
Insert into REMITENTES(ID,TIPO_ID) values (4342421,'Pasaporte');

Insert into M_VIAJES_M_REMITENTES(ID_REMITENTE,TIPO_ID_REMITENTE,ID_VIAJE) values(2345234,'Pasaporte',3);
Insert into M_VIAJES_M_REMITENTES(ID_REMITENTE,TIPO_ID_REMITENTE,ID_VIAJE) values(2345234,'Pasaporte',6);
Insert into M_VIAJES_M_REMITENTES(ID_REMITENTE,TIPO_ID_REMITENTE,ID_VIAJE) values(2345234,'Pasaporte',7);
Insert into M_VIAJES_M_REMITENTES(ID_REMITENTE,TIPO_ID_REMITENTE,ID_VIAJE) values(4342421,'Pasaporte',9);
Insert into M_VIAJES_M_REMITENTES(ID_REMITENTE,TIPO_ID_REMITENTE,ID_VIAJE) values(4342421,'Pasaporte',11);



Insert into CARGA(TRACKING_NUM,CONTENIDO,PESO,VOLUMEN) values(123,'Videos','5','200');
Insert into CARGA(TRACKING_NUM,CONTENIDO,PESO,VOLUMEN) values(321,'Libros','10','500');

Insert into RESERVA(FECHA,TIPO_RESERVA,AERO_SAL,AERO_LLEG) values (TO_DATE('25/11/2016','DD/MM/YYYY'),'Viajeros','CCS','SWF');
Insert into RESERVA(FECHA,TIPO_RESERVA,AERO_SAL,AERO_LLEG) values (TO_DATE('29/11/2016','DD/MM/YYYY'),'Viajeros','EZE','AEP');
Insert into RESERVA(FECHA,TIPO_RESERVA,AERO_SAL,AERO_LLEG) values (TO_DATE('30/11/2016','DD/MM/YYYY'),'Viajeros','KMW','VIE');
Insert into RESERVA(FECHA,TIPO_RESERVA,AERO_SAL,AERO_LLEG) values (TO_DATE('5/12/2016','DD/MM/YYYY'),'Carga','SWF','RMA');
Insert into RESERVA(FECHA,TIPO_RESERVA,AERO_SAL,AERO_LLEG) values (TO_DATE('12/12/2016','DD/MM/YYYY'),'Carga','RMA','VIE');
Insert into RESERVA(FECHA,TIPO_RESERVA,AERO_SAL,AERO_LLEG) values (TO_DATE('20/12/2016','DD/MM/YYYY'),'Viajeros','CCS','VIE');
Insert into RESERVA(FECHA,TIPO_RESERVA,AERO_SAL,AERO_LLEG) values (TO_DATE('25/12/2016','DD/MM/YYYY'),'Viajeros','CCS','VIE');



Insert into RESERVA_CARGA(ID,ID_VIAJE,ID_REMITENTE,TIPO_ID_REMITENTE,ID_CARGA) values(4,3,2345234,'Pasaporte',123);
Insert into RESERVA_CARGA(ID,ID_VIAJE,ID_REMITENTE,TIPO_ID_REMITENTE,ID_CARGA) values(5,6,4342421,'Pasaporte',321);

Insert into RESERVA_VIAJEROS(ID_RESERVA_GENERAL,ID_VIAJE,ID_VIAJERO,TIPO_ID_VIAJERO,TIPO) values(1,1,23059253,'Cedula Colombiana','Ejecutiva');
Insert into RESERVA_VIAJEROS(ID_RESERVA_GENERAL,ID_VIAJE,ID_VIAJERO,TIPO_ID_VIAJERO,TIPO) values(2,4,24563,'Visa','Economica');
Insert into RESERVA_VIAJEROS(ID_RESERVA_GENERAL,ID_VIAJE,ID_VIAJERO,TIPO_ID_VIAJERO,TIPO) values(3,5,2355634,'Cedula Venezolana','Economica');
Insert into RESERVA_VIAJEROS(ID_RESERVA_GENERAL,ID_VIAJE,ID_VIAJERO,TIPO_ID_VIAJERO,TIPO) values(6,1,23059253,'Cedula Colombiana','Economica');
Insert into RESERVA_VIAJEROS(ID_RESERVA_GENERAL,ID_VIAJE,ID_VIAJERO,TIPO_ID_VIAJERO,TIPO) values(6,4,23059253,'Cedula Colombiana','Economica');
Insert into RESERVA_VIAJEROS(ID_RESERVA_GENERAL,ID_VIAJE,ID_VIAJERO,TIPO_ID_VIAJERO,TIPO) values(6,5,23059253,'Cedula Colombiana','Economica');
Insert into RESERVA_VIAJEROS(ID_RESERVA_GENERAL,ID_VIAJE,ID_VIAJERO,TIPO_ID_VIAJERO,TIPO) values(7,1,24563,'Visa','Ejecutiva');
Insert into RESERVA_VIAJEROS(ID_RESERVA_GENERAL,ID_VIAJE,ID_VIAJERO,TIPO_ID_VIAJERO,TIPO) values(7,4,24563,'Visa','Ejecutiva');
Insert into RESERVA_VIAJEROS(ID_RESERVA_GENERAL,ID_VIAJE,ID_VIAJERO,TIPO_ID_VIAJERO,TIPO) values(7,5,24563,'Visa','Ejecutiva');







COMMIT;
