DROP TABLE RESERVA_VIAJEROS;
DROP TABLE RESERVA_CARGA;
DROP TABLE RESERVA;
DROP TABLE M_VIAJES_M_CARGAS;
DROP TABLE CARGA;
DROP TABLE REMITENTES;
DROP TABLE M_VIAJES_M_VIAJEROS;
DROP TABLE VIAJEROS;
DROP TABLE NACIONALIDADES_USUARIOS;
DROP TABLE USUARIO;
DROP TABLE VIAJE_CARGA;
DROP TABLE VIAJE_VIAJEROS;
DROP TABLE VIAJE;
DROP TABLE VUELO;
DROP TABLE AVION_CARGA;
DROP TABLE AVION_VIAJEROS;
DROP TABLE AVION;
DROP TABLE AEROPUERTO;
DROP TABLE AEROLINEA;
DROP TABLE CIUDAD;
DROP TABLE PAIS;



CREATE TABLE PAIS
(
  NOMBRE VARCHAR2(255 BYTE) NOT NULL,
  CONSTRAINT PAIS_PK PRIMARY KEY (NOMBRE)
);
CREATE TABLE CIUDAD
(
  NOMBRE VARCHAR2(255 BYTE) NOT NULL,
  NOMBRE_PAIS VARCHAR2(255 BYTE) NOT NULL,
  CONSTRAINT FK_NOMBRE_PAIS_CIUDAD FOREIGN KEY(NOMBRE_PAIS) REFERENCES PAIS(NOMBRE),
  CONSTRAINT CIUDAD_PK PRIMARY KEY (NOMBRE)
);
CREATE TABLE AEROLINEA
(
  COD_IATA VARCHAR2(255 BYTE) NOT NULL,
  NOMBRE VARCHAR2(255 BYTE) NOT NULL,
  PAIS_RADICACION VARCHAR2(255 BYTE),
  NOMBRE_RESPONSABLE VARCHAR2(255 BYTE),
  CORREO_RESPONSABLE VARCHAR2(255 BYTE),
  CONSTRAINT FK_PAIS_RADICACION FOREIGN KEY(PAIS_RADICACION) REFERENCES PAIS(NOMBRE),
  CONSTRAINT COD_IATA_PK PRIMARY KEY (COD_IATA)
);

CREATE TABLE AEROPUERTO
(
  COD_IATA VARCHAR2(255 BYTE) NOT NULL,
  NOMBRE VARCHAR2(255 BYTE) NOT NULL,
  TIPO VARCHAR2(255 BYTE) NOT NULL,
  NOMBRE_CIUDAD VARCHAR2(255 BYTE) NOT NULL,
  CONSTRAINT FK_CIUDAD_AEROPUERTO FOREIGN KEY(NOMBRE_CIUDAD) REFERENCES CIUDAD(NOMBRE),
  CONSTRAINT COD_IATA_AEROPUERTO_PK PRIMARY KEY (COD_IATA)
);

CREATE TABLE AVION
(
  NUM_SERIE VARCHAR2(255 BYTE) NOT NULL,
  MODELO VARCHAR2(255 BYTE),
  MARCA VARCHAR2(255 BYTE),
  ANIO_FABRICACION NUMBER,
  TIPO VARCHAR2(255 BYTE),
  AEROLINEA VARCHAR2(255 BYTE),
  CONSTRAINT FK_AEROLINEA_DE_AVION FOREIGN KEY(AEROLINEA) REFERENCES AEROLINEA(COD_IATA),
  CONSTRAINT CK_TIPO_AVION CHECK(TIPO = 'Carga' OR TIPO = 'Viajeros'),
  CONSTRAINT CK_ANIO_VALIDO CHECK(ANIO_FABRICACION > 0),
  CONSTRAINT NUM_SERIE_PK PRIMARY KEY (NUM_SERIE)
);
CREATE TABLE AVION_VIAJEROS
(
  NUM_SERIE VARCHAR2(255 BYTE) NOT NULL,
  SILLAS_EJECUTIVAS NUMBER,
  SILLAS_ECONOMICAS NUMBER,
  CONSTRAINT CK_EJEC_VALIDAS CHECK(SILLAS_EJECUTIVAS > 0),
  CONSTRAINT CK_ECON_VALIDAD CHECK(SILLAS_ECONOMICAS > 0),
  CONSTRAINT FK_AVION_VIAJEROS FOREIGN KEY(NUM_SERIE) REFERENCES AVION(NUM_SERIE),
  CONSTRAINT AVION_PASAJEROS_PK PRIMARY KEY (NUM_SERIE)
);
CREATE TABLE AVION_CARGA
(
  NUM_SERIE VARCHAR2(255 BYTE) NOT NULL,
  CAPACIDAD DOUBLE PRECISION,
  CONSTRAINT FK_AVION_CARGA FOREIGN KEY(NUM_SERIE) REFERENCES AVION(NUM_SERIE),
  CONSTRAINT AVION_CARGA_PK PRIMARY KEY (NUM_SERIE)
);


CREATE TABLE VUELO
(
  ID VARCHAR2(255 BYTE),
  DURACION NUMBER,
  DISTANCIA DOUBLE PRECISION,
  FRECUENCIA NUMBER,
  TIPO_VUELO VARCHAR2(255 BYTE),
  AEROLINEA VARCHAR2(255 BYTE) NOT NULL,
 CONSTRAINT CK_TIPO_VUELO CHECK(TIPO_VUELO = 'Internacional' OR TIPO_VUELO = 'Nacional' OR TIPO_VUELO = 'Local'),
  AEROPUERTO_SALIDA VARCHAR2(255 BYTE) NOT NULL,
  AEROPUERTO_LLEGADA VARCHAR2(255 BYTE) NOT NULL,
  CONSTRAINT FK_AEROLINEA_VUELO FOREIGN KEY(AEROLINEA) REFERENCES AEROLINEA(COD_IATA),
  CONSTRAINT FK_AEROPUERTO_SALIDA FOREIGN KEY(AEROPUERTO_SALIDA) REFERENCES AEROPUERTO(COD_IATA),
  CONSTRAINT FK_AEROPUERTO_LLEGADA FOREIGN KEY(AEROPUERTO_LLEGADA) REFERENCES AEROPUERTO(COD_IATA),
  CONSTRAINT VUELO_PK PRIMARY KEY (ID)
);

CREATE TABLE VIAJE
(
  ID NUMBER NOT NULL,
  ID_VUELO VARCHAR2(255 BYTE) NOT NULL,
  TIPO_VIAJE VARCHAR2(255 BYTE),
  AVION VARCHAR2(255 BYTE),
  HORA_SALIDA DATE,
  HORA_LLEGADA DATE,
  REALIZADO CHAR(1),
  CONSTRAINT CK_TIPO_VIAJE CHECK(TIPO_VIAJE = 'Viajeros' OR TIPO_VIAJE = 'Carga'),
  CONSTRAINT CK_CHAR CHECK(REALIZADO = 'Y' OR REALIZADO = 'N'),
  CONSTRAINT CK_FECHA_VAILDA CHECK(HORA_SALIDA < HORA_LLEGADA),
  CONSTRAINT FK_ID_VUELO_VIAJE FOREIGN KEY(ID_VUELO) REFERENCES VUELO(ID),
  CONSTRAINT FK_AVION_VIAJE FOREIGN KEY(AVION) REFERENCES AVION(NUM_SERIE),
  CONSTRAINT VIAJE_PK PRIMARY KEY (ID)
);

CREATE TABLE VIAJE_VIAJEROS
(
  ID NUMBER NOT NULL,
  COSTO_EJECUTIVO DOUBLE PRECISION,
  COSTO_ECONOMICO DOUBLE PRECISION,
  CONSTRAINT FK_VIAJE_VIAJEROS FOREIGN KEY (ID) REFERENCES VIAJE(ID),
  CONSTRAINT VIAJE_VIAJEROS_PK PRIMARY KEY (ID)
);
CREATE TABLE VIAJE_CARGA
(
  ID NUMBER NOT NULL,
  COSTO_DENSIDAD DOUBLE PRECISION,
  CONSTRAINT FK_VUELO_CARGA FOREIGN KEY (ID) REFERENCES VIAJE(ID),
  CONSTRAINT VUELO_CARGA_PK PRIMARY KEY (ID)
);


CREATE TABLE USUARIO 
(
  ID NUMBER NOT NULL,
  TIPO_ID VARCHAR2(255 BYTE),
  NOMBRE VARCHAR2(255 BYTE), 
  ROL VARCHAR2(255 BYTE),
  CLAVE VARCHAR2(255 BYTE),
  AEROLINEA_FRECUENTE VARCHAR2(255 BYTE),
  CONSTRAINT FK_AEROLINEA_FRECUENTE FOREIGN KEY(AEROLINEA_FRECUENTE) REFERENCES AEROLINEA(COD_IATA),
  CONSTRAINT USUARIO_PK PRIMARY KEY (ID,TIPO_ID)
);


CREATE TABLE VIAJEROS
(
  ID NUMBER NOT NULL,
  TIPO_ID VARCHAR2(255 BYTE),
  MILLAS_RECORRIDAS DOUBLE PRECISION,
  CONSTRAINT VIAJEROS_PK PRIMARY KEY (ID,TIPO_ID),
  CONSTRAINT FK_VIAJEROS FOREIGN KEY(ID,TIPO_ID) REFERENCES USUARIO(ID,TIPO_ID)
);

CREATE TABLE M_VIAJES_M_VIAJEROS
(
  ID_VIAJEROS NUMBER,
  TIPO_ID_VIAJEROS VARCHAR2(255 BYTE),
  ID_VIAJE NUMBER,
  CONSTRAINT M_VIAJES_M_VIAJEROS_PK PRIMARY KEY (ID_VIAJEROS, TIPO_ID_VIAJEROS,ID_VIAJE),
  CONSTRAINT FK_VIAJEROS_DE_VIAJE FOREIGN KEY(ID_VIAJEROS, TIPO_ID_VIAJEROS) REFERENCES VIAJEROS(ID, TIPO_ID),
  CONSTRAINT FK_VIAJES_DE_VIAJERO FOREIGN KEY(ID_VIAJE) REFERENCES VIAJE_VIAJEROS(ID)
  
);


CREATE TABLE REMITENTES
(
  ID NUMBER NOT NULL, 
  TIPO_ID VARCHAR2(255 BYTE),
  CONSTRAINT REMITENTES_PK PRIMARY KEY (ID,TIPO_ID),
  CONSTRAINT FK_REMITENTES FOREIGN KEY(ID,TIPO_ID) REFERENCES USUARIO(ID,TIPO_ID)
  
);



CREATE TABLE NACIONALIDADES_USUARIOS
(
  ID_USUARIO NUMBER NOT NULL,
  TIPO_ID_USUARIO VARCHAR2(255 BYTE),
  NACIONALIDAD VARCHAR2(255 BYTE) NOT NULL,
  CONSTRAINT NACIONALIDAD_USUARIO_PK PRIMARY KEY (ID_USUARIO,NACIONALIDAD),
  CONSTRAINT FK_USUARIO_NACIONALIDAD FOREIGN KEY(ID_USUARIO,TIPO_ID_USUARIO) REFERENCES USUARIO(ID, TIPO_ID),
  CONSTRAINT FK_NACIONALIDADES FOREIGN KEY(NACIONALIDAD) REFERENCES PAIS(NOMBRE)
);


CREATE TABLE CARGA
(
  TRACKING_NUM NUMBER NOT NULL,
  CONTENIDO VARCHAR2(255 BYTE),
  PESO DOUBLE PRECISION,
  VOLUMEN DOUBLE PRECISION,
  CONSTRAINT CARGA_PK PRIMARY KEY (TRACKING_NUM)
);
CREATE TABLE M_VIAJES_M_CARGAS
(
  ID_CARGA NUMBER,
  ID_VIAJE NUMBER,
  CONSTRAINT VIAJES_DE_CARGAS_PK PRIMARY KEY (ID_CARGA,ID_VIAJE),
  CONSTRAINT FK_CARGAS_VIAJE FOREIGN KEY(ID_CARGA) REFERENCES CARGA(TRACKING_NUM),
  CONSTRAINT FK_VIAJES_CARGA FOREIGN KEY(ID_VIAJE) REFERENCES VIAJE_CARGA(ID)
  
);

CREATE TABLE RESERVA
(
  ID NUMBER GENERATED BY DEFAULT ON NULL AS IDENTITY,
  FECHA DATE,
  FECHA_ACTUAL DATE DEFAULT CURRENT_DATE,
  TIPO_RESERVA VARCHAR2(255 BYTE),
  AERO_SAL VARCHAR2(255 BYTE),
  AERO_LLEG VARCHAR2(255 BYTE),
  CONSTRAINT FK_AEROPUERTOSAL_RESERVA FOREIGN KEY(AERO_SAL) REFERENCES AEROPUERTO(COD_IATA),
  CONSTRAINT CK_TIPO_RESERVA CHECK(TIPO_RESERVA = 'Carga' OR TIPO_RESERVA = 'Viajeros'),
  CONSTRAINT CK_FECHA_RESERVA CHECK(FECHA > FECHA_ACTUAL),
  CONSTRAINT RESERVA_PK PRIMARY KEY (ID)
);

CREATE TABLE RESERVA_VIAJEROS
(
  ID NUMBER GENERATED BY DEFAULT ON NULL AS IDENTITY,
  ID_RESERVA_GENERAL NUMBER,
  ID_VIAJERO NUMBER NOT NULL,
  TIPO_ID_VIAJERO VARCHAR2(255 BYTE),
  ID_VIAJE NUMBER,
  TIPO VARCHAR2(255 BYTE) NOT NULL,
  CONSTRAINT CK_TIPO_M_RESERVAS CHECK(TIPO = 'Ejecutiva' OR TIPO = 'Economica'),
  CONSTRAINT FK_VUELO_RESERVA_M FOREIGN KEY(ID_VIAJE) REFERENCES VIAJE_VIAJEROS(ID),
  CONSTRAINT FK_VIAJEROS_RESERVA_MULTIPLES FOREIGN KEY (ID_VIAJERO, TIPO_ID_VIAJERO) REFERENCES VIAJEROS(ID, TIPO_ID),
  CONSTRAINT RESERVA_MULTIPLES_VIAJES_PK PRIMARY KEY (ID),
  CONSTRAINT FK_RESERVA_MULTIPLES_VUELOS FOREIGN KEY(ID_RESERVA_GENERAL) REFERENCES RESERVA(ID)
);


CREATE TABLE RESERVA_CARGA
(
  ID NUMBER,
  ID_VIAJE NUMBER NOT NULL,
  ID_REMITENTE NUMBER NOT NULL,
  TIPO_ID_REMITENTE VARCHAR2(255 BYTE),
  ID_CARGA NUMBER NOT NULL,
  CONSTRAINT FK_VUELO_RESERVA_CARGA FOREIGN KEY (ID_VIAJE) REFERENCES VIAJE_CARGA(ID),
  CONSTRAINT FK_REMITENTE_RESERVA_CARGA FOREIGN KEY (ID_REMITENTE,TIPO_ID_REMITENTE) REFERENCES REMITENTES(ID,TIPO_ID),
  CONSTRAINT FK_CARGA_RESERVA_CARGA FOREIGN KEY (ID_CARGA) REFERENCES CARGA(TRACKING_NUM),
  CONSTRAINT RESERVA_CARGA_PK PRIMARY KEY (ID),
  CONSTRAINT FK_RESERVA_CARGA FOREIGN KEY(ID) REFERENCES RESERVA(ID)
);

Insert into PAIS (NOMBRE) values ('Colombia');
Insert into PAIS (NOMBRE) values ('Venezuela');
Insert into PAIS (NOMBRE) values ('Argentina');
Insert into PAIS (NOMBRE) values ('Estados Unidos');
Insert into PAIS (NOMBRE) values ('Italia');
Insert into PAIS (NOMBRE) values ('Chile');

Insert into CIUDAD (NOMBRE, NOMBRE_PAIS ) values ('Bogota','Colombia');
Insert into CIUDAD (NOMBRE, NOMBRE_PAIS ) values ('Cali','Colombia');
Insert into CIUDAD (NOMBRE, NOMBRE_PAIS ) values ('Medellin','Colombia');
Insert into CIUDAD (NOMBRE, NOMBRE_PAIS ) values ('Caracas','Venezuela');
Insert into CIUDAD (NOMBRE, NOMBRE_PAIS ) values ('Barquisimeto','Venezuela');
Insert into CIUDAD (NOMBRE, NOMBRE_PAIS ) values ('Maracaibo','Venezuela');
Insert into CIUDAD (NOMBRE, NOMBRE_PAIS ) values ('Buenos Aires','Argentina');
Insert into CIUDAD (NOMBRE, NOMBRE_PAIS ) values ('La Plata','Argentina');
Insert into CIUDAD (NOMBRE, NOMBRE_PAIS ) values ('Rosario','Argentina');
Insert into CIUDAD (NOMBRE, NOMBRE_PAIS ) values ('New York','Estados Unidos');
Insert into CIUDAD (NOMBRE, NOMBRE_PAIS ) values ('Orlando','Estados Unidos');
Insert into CIUDAD (NOMBRE, NOMBRE_PAIS ) values ('Boston','Estados Unidos');
Insert into CIUDAD (NOMBRE, NOMBRE_PAIS ) values ('Vienna','Italia');
Insert into CIUDAD (NOMBRE, NOMBRE_PAIS ) values ('Milano','Italia');
Insert into CIUDAD (NOMBRE, NOMBRE_PAIS ) values ('Roma','Italia');

Insert into AEROLINEA(COD_IATA, NOMBRE,PAIS_RADICACION,NOMBRE_RESPONSABLE,CORREO_RESPONSABLE) values ('AV', 'Avianca','Colombia','Carlos Gonzalez','carlos.eduardo@uniasa.net');
Insert into AEROLINEA(COD_IATA, NOMBRE,PAIS_RADICACION,NOMBRE_RESPONSABLE,CORREO_RESPONSABLE) values ('AA', 'American Airlines','Estados Unidos','George Harris','george@hotmail.com');
Insert into AEROLINEA(COD_IATA, NOMBRE,PAIS_RADICACION,NOMBRE_RESPONSABLE,CORREO_RESPONSABLE) values ('LA', 'LATAM Airlines','Chile','Paco Martinez','tacopaco@uniandes.edu.co');
Insert into AEROLINEA(COD_IATA, NOMBRE,PAIS_RADICACION,NOMBRE_RESPONSABLE,CORREO_RESPONSABLE) values ('DL', 'Delta','Estados Unidos','Sam Smith','staywithme@lalala.com');
Insert into AEROLINEA(COD_IATA, NOMBRE,PAIS_RADICACION,NOMBRE_RESPONSABLE,CORREO_RESPONSABLE) values ('AZ', 'Alitalia','Italia','Florencio Papardelle','floripapi@stronzo.com');




Insert into AEROPUERTO(COD_IATA,NOMBRE, TIPO, NOMBRE_CIUDAD) values ('CCS', 'Aeropuerto Simon Bolivar','Internacional','Caracas');
Insert into AEROPUERTO(COD_IATA,NOMBRE, TIPO, NOMBRE_CIUDAD) values ('BOG', 'El Dorado Intl','Internacional','Bogota');
Insert into AEROPUERTO(COD_IATA,NOMBRE, TIPO, NOMBRE_CIUDAD) values ('SWF', 'Stewart International','Internacional','New York');
Insert into AEROPUERTO(COD_IATA,NOMBRE, TIPO, NOMBRE_CIUDAD) values ('EZE', 'Ministro Pistarini','Local','Buenos Aires');
Insert into AEROPUERTO(COD_IATA,NOMBRE, TIPO, NOMBRE_CIUDAD) values ('AEP', 'Jorge Newbery','Local','Buenos Aires');
Insert into AEROPUERTO(COD_IATA,NOMBRE, TIPO, NOMBRE_CIUDAD) values ('KMW', 'Kostroma','Nacional','Roma');
Insert into AEROPUERTO(COD_IATA,NOMBRE, TIPO, NOMBRE_CIUDAD) values ('VIE', 'International','Nacional','Vienna');
Insert into AEROPUERTO(COD_IATA,NOMBRE, TIPO, NOMBRE_CIUDAD) values ('RMA', 'Roma','Internacional','Roma');
Insert into AEROPUERTO(COD_IATA,NOMBRE, TIPO, NOMBRE_CIUDAD) values ('Aeropuerto1', 'Aeropuerto 1','Internacional','Caracas');
Insert into AEROPUERTO(COD_IATA,NOMBRE, TIPO, NOMBRE_CIUDAD) values ('Aeropuerto2', 'Aeropuerto 2','Internacional','New York');
Insert into AEROPUERTO(COD_IATA,NOMBRE, TIPO, NOMBRE_CIUDAD) values ('Aeropuerto3', 'Aeropuerto 3','Internacional','La Plata');
Insert into AEROPUERTO(COD_IATA,NOMBRE, TIPO, NOMBRE_CIUDAD) values ('Aeropuerto4', 'Aeropuerto 4','Internacional','Vienna');
Insert into AEROPUERTO(COD_IATA,NOMBRE, TIPO, NOMBRE_CIUDAD) values ('Aeropuerto5', 'Aeropuerto 5','Internacional','Medellin');



Insert into AVION(NUM_SERIE,MODELO, MARCA,ANIO_FABRICACION,TIPO) values ('YV3453','747','Boeing',2006,'Viajeros');
Insert into AVION(NUM_SERIE,MODELO, MARCA,ANIO_FABRICACION,TIPO) values ('YV3653','747','Boeing',2006,'Carga');
Insert into AVION(NUM_SERIE,MODELO, MARCA,ANIO_FABRICACION,TIPO) values ('N6753','A312','Airbus',2002, 'Carga');
Insert into AVION(NUM_SERIE,MODELO, MARCA,ANIO_FABRICACION,TIPO) values ('N2567','A312','Airbus',2000,'Viajeros');
Insert into AVION(NUM_SERIE,MODELO, MARCA,ANIO_FABRICACION,TIPO) values ('HK4343','707','Boeing',2008, 'Viajeros');
Insert into AVION(NUM_SERIE,MODELO, MARCA,ANIO_FABRICACION,TIPO) values ('HK4763','710','Boeing',2008,'Carga');
Insert into AVION(NUM_SERIE,MODELO, MARCA,ANIO_FABRICACION,TIPO) values ('LV4153','A301','Airbus',2013,'Viajeros');
Insert into AVION(NUM_SERIE,MODELO, MARCA,ANIO_FABRICACION,TIPO) values ('I3463','407','Boeing',2014,'Viajeros');
Insert into AVION(NUM_SERIE,MODELO, MARCA,ANIO_FABRICACION,TIPO) values ('Avion1','404','Boeing',2001,'Viajeros');
Insert into AVION(NUM_SERIE,MODELO, MARCA,ANIO_FABRICACION,TIPO) values ('Avion2','710','Airbus',2002,'Viajeros');
Insert into AVION(NUM_SERIE,MODELO, MARCA,ANIO_FABRICACION,TIPO) values ('Avion3','404','Boeing',2003,'Viajeros');
Insert into AVION(NUM_SERIE,MODELO, MARCA,ANIO_FABRICACION,TIPO) values ('Avion4','404','Boeing',2004,'Viajeros');
Insert into AVION(NUM_SERIE,MODELO, MARCA,ANIO_FABRICACION,TIPO) values ('Avion5','710','Airbus',2005,'Viajeros');
Insert into AVION(NUM_SERIE,MODELO, MARCA,ANIO_FABRICACION,TIPO) values ('Avion6','404','Boeing',2006,'Viajeros');
Insert into AVION(NUM_SERIE,MODELO, MARCA,ANIO_FABRICACION,TIPO) values ('Avion7','A312','Airbus',2007,'Viajeros');
Insert into AVION(NUM_SERIE,MODELO, MARCA,ANIO_FABRICACION,TIPO) values ('Avion8','710','Boeing',2008,'Viajeros');
Insert into AVION(NUM_SERIE,MODELO, MARCA,ANIO_FABRICACION,TIPO) values ('Avion9','A312','Airbus',2009,'Viajeros');
Insert into AVION(NUM_SERIE,MODELO, MARCA,ANIO_FABRICACION,TIPO) values ('Avion10','404','Boeing',2010,'Viajeros');


Insert into AVION_VIAJEROS(NUM_SERIE,SILLAS_ECONOMICAS,SILLAS_EJECUTIVAS) values('YV3453',80,15);
Insert into AVION_VIAJEROS(NUM_SERIE,SILLAS_ECONOMICAS,SILLAS_EJECUTIVAS) values('N2567',90,10);
Insert into AVION_VIAJEROS(NUM_SERIE,SILLAS_ECONOMICAS,SILLAS_EJECUTIVAS) values('HK4343',100,15);
Insert into AVION_VIAJEROS(NUM_SERIE,SILLAS_ECONOMICAS,SILLAS_EJECUTIVAS) values('LV4153',60,11);
Insert into AVION_VIAJEROS(NUM_SERIE,SILLAS_ECONOMICAS,SILLAS_EJECUTIVAS) values('I3463',30,5);
Insert into AVION_VIAJEROS(NUM_SERIE,SILLAS_ECONOMICAS,SILLAS_EJECUTIVAS) values('Avion1',60,40);
Insert into AVION_VIAJEROS(NUM_SERIE,SILLAS_ECONOMICAS,SILLAS_EJECUTIVAS) values('Avion2',70,25);
Insert into AVION_VIAJEROS(NUM_SERIE,SILLAS_ECONOMICAS,SILLAS_EJECUTIVAS) values('Avion3',50,16);
Insert into AVION_VIAJEROS(NUM_SERIE,SILLAS_ECONOMICAS,SILLAS_EJECUTIVAS) values('Avion4',80,10);
Insert into AVION_VIAJEROS(NUM_SERIE,SILLAS_ECONOMICAS,SILLAS_EJECUTIVAS) values('Avion5',90,5);


Insert into AVION_CARGA(NUM_SERIE,CAPACIDAD) values ('YV3653', 100);
Insert into AVION_CARGA(NUM_SERIE,CAPACIDAD) values ('N2567', 80);
Insert into AVION_CARGA(NUM_SERIE,CAPACIDAD) values ('HK4763', 90);
Insert into AVION_CARGA(NUM_SERIE,CAPACIDAD) values ('Avion6', 90);
Insert into AVION_CARGA(NUM_SERIE,CAPACIDAD) values ('Avion7', 100);
Insert into AVION_CARGA(NUM_SERIE,CAPACIDAD) values ('Avion8', 110);
Insert into AVION_CARGA(NUM_SERIE,CAPACIDAD) values ('Avion9', 60);
Insert into AVION_CARGA(NUM_SERIE,CAPACIDAD) values ('Avion10', 50);



Insert into VUELO (ID,DURACION,DISTANCIA,FRECUENCIA,AEROLINEA,AEROPUERTO_SALIDA,AEROPUERTO_LLEGADA,TIPO_VUELO) values ('AV1',5,2485,2,'AV','CCS','SWF','Internacional');
Insert into VUELO (ID,DURACION,DISTANCIA,FRECUENCIA,AEROLINEA,AEROPUERTO_SALIDA,AEROPUERTO_LLEGADA,TIPO_VUELO) values ('LA1',1,500,4,'LA','EZE','AEP','Local');
Insert into VUELO (ID,DURACION,DISTANCIA,FRECUENCIA,AEROLINEA,AEROPUERTO_SALIDA,AEROPUERTO_LLEGADA,TIPO_VUELO) values ('DL1',2,2000,2,'DL','KMW','VIE','Nacional');
Insert into VUELO (ID,DURACION,DISTANCIA,FRECUENCIA,AEROLINEA,AEROPUERTO_SALIDA,AEROPUERTO_LLEGADA,TIPO_VUELO) values ('AZ1',4,1000,3,'AZ','SWF','RMA','Internacional');
Insert into VUELO (ID,DURACION,DISTANCIA,FRECUENCIA,AEROLINEA,AEROPUERTO_SALIDA,AEROPUERTO_LLEGADA,TIPO_VUELO) values ('DL2',6,4000,1,'DL','RMA','VIE','Internacional');
Insert into VUELO (ID,DURACION,DISTANCIA,FRECUENCIA,AEROLINEA,AEROPUERTO_SALIDA,AEROPUERTO_LLEGADA,TIPO_VUELO) values ('AV2',6,4000,1,'AV','CCS','SWF','Internacional');
Insert into VUELO (ID,DURACION,DISTANCIA,FRECUENCIA,AEROLINEA,AEROPUERTO_SALIDA,AEROPUERTO_LLEGADA,TIPO_VUELO) values ('AV3',6,4000,1,'AV','CCS','SWF','Internacional');


Insert into VIAJE (ID,ID_VUELO,TIPO_VIAJE,AVION,HORA_SALIDA,HORA_LLEGADA,REALIZADO) values (1,'AV1','Viajeros','YV3453',TO_DATE('22-NOV-2016 03:24:56','DD-MON-YYYY HH24:MI:SS'),TO_DATE('22-NOV-2016 08:24:56','DD-MON-YYYY HH24:MI:SS'),'N');
Insert into VIAJE (ID,ID_VUELO,TIPO_VIAJE,AVION,HORA_SALIDA,HORA_LLEGADA,REALIZADO) values (2,'AV1','Viajeros','LV4153',TO_DATE('5-NOV-2016 08:24:56','DD-MON-YYYY HH24:MI:SS'),TO_DATE('5-NOV-2016 13:24:56','DD-MON-YYYY HH24:MI:SS'),'Y');
Insert into VIAJE (ID,ID_VUELO,TIPO_VIAJE,AVION,HORA_SALIDA,HORA_LLEGADA,REALIZADO) values (3,'AV1','Carga','YV3653',TO_DATE('9-NOV-2016 06:24:56','DD-MON-YYYY HH24:MI:SS'),TO_DATE('9-NOV-2016 11:24:56','DD-MON-YYYY HH24:MI:SS'),'Y');
Insert into VIAJE (ID,ID_VUELO,TIPO_VIAJE,AVION,HORA_SALIDA,HORA_LLEGADA,REALIZADO) values (4,'AV1','Viajeros','YV3453',TO_DATE('13-NOV-2016 01:24:56','DD-MON-YYYY HH24:MI:SS'),TO_DATE('13-NOV-2016 06:24:56','DD-MON-YYYY HH24:MI:SS'),'Y');
Insert into VIAJE (ID,ID_VUELO,TIPO_VIAJE,AVION,HORA_SALIDA,HORA_LLEGADA,REALIZADO) values (5,'LA1','Viajeros','HK4343',TO_DATE('11-NOV-2016 04:24:56','DD-MON-YYYY HH24:MI:SS'),TO_DATE('11-NOV-2016 05:24:56','DD-MON-YYYY HH24:MI:SS'),'Y');
Insert into VIAJE (ID,ID_VUELO,TIPO_VIAJE,AVION,HORA_SALIDA,HORA_LLEGADA,REALIZADO) values (6,'LA1','Carga','N2567',TO_DATE('12-NOV-2016 04:24:56','DD-MON-YYYY HH24:MI:SS'),TO_DATE('12-NOV-2016 05:24:56','DD-MON-YYYY HH24:MI:SS'),'Y');
Insert into VIAJE (ID,ID_VUELO,TIPO_VIAJE,AVION,HORA_SALIDA,HORA_LLEGADA,REALIZADO) values (7,'DL1','Carga','YV3653',TO_DATE('12-NOV-2016 09:24:56','DD-MON-YYYY HH24:MI:SS'),TO_DATE('12-NOV-2016 11:24:56','DD-MON-YYYY HH24:MI:SS'),'Y');
Insert into VIAJE (ID,ID_VUELO,TIPO_VIAJE,AVION,HORA_SALIDA,HORA_LLEGADA,REALIZADO) values (8,'AZ1','Viajeros','HK4343',TO_DATE('23-NOV-2016 01:24:56','DD-MON-YYYY HH24:MI:SS'),TO_DATE('23-NOV-2016 05:24:56','DD-MON-YYYY HH24:MI:SS'),'N');
Insert into VIAJE (ID,ID_VUELO,TIPO_VIAJE,AVION,HORA_SALIDA,HORA_LLEGADA,REALIZADO) values (9,'AZ1','Carga','HK4763',TO_DATE('23-NOV-2016 01:24:56','DD-MON-YYYY HH24:MI:SS'),TO_DATE('23-NOV-2016 05:24:56','DD-MON-YYYY HH24:MI:SS'),'N');
Insert into VIAJE (ID,ID_VUELO,TIPO_VIAJE,AVION,HORA_SALIDA,HORA_LLEGADA,REALIZADO) values (10,'DL2','Viajeros','I3463',TO_DATE('25-NOV-2016 04:24:56','DD-MON-YYYY HH24:MI:SS'),TO_DATE('25-NOV-2016 10:24:56','DD-MON-YYYY HH24:MI:SS'),'N');
Insert into VIAJE (ID,ID_VUELO,TIPO_VIAJE,AVION,HORA_SALIDA,HORA_LLEGADA,REALIZADO) values (11,'DL2','Carga','HK4763',TO_DATE('23-NOV-2016 01:24:56','DD-MON-YYYY HH24:MI:SS'),TO_DATE('23-NOV-2016 07:24:56','DD-MON-YYYY HH24:MI:SS'),'N');
Insert into VIAJE (ID,ID_VUELO,TIPO_VIAJE,AVION,HORA_SALIDA,HORA_LLEGADA,REALIZADO) values (12,'AV2','Viajeros','N2567',TO_DATE('25-NOV-2016 04:24:56','DD-MON-YYYY HH24:MI:SS'),TO_DATE('25-NOV-2016 10:24:56','DD-MON-YYYY HH24:MI:SS'),'N');
Insert into VIAJE (ID,ID_VUELO,TIPO_VIAJE,AVION,HORA_SALIDA,HORA_LLEGADA,REALIZADO) values (13,'AV3','Viajeros','YV3453',TO_DATE('25-NOV-2016 06:24:56','DD-MON-YYYY HH24:MI:SS'),TO_DATE('25-NOV-2016 12:24:56','DD-MON-YYYY HH24:MI:SS'),'N');



Insert into VIAJE_VIAJEROS(ID,COSTO_EJECUTIVO,COSTO_ECONOMICO) values (1,400,300);
Insert into VIAJE_VIAJEROS(ID,COSTO_EJECUTIVO,COSTO_ECONOMICO) values (2,100,50);
Insert into VIAJE_VIAJEROS(ID,COSTO_EJECUTIVO,COSTO_ECONOMICO) values (4,200,150);
Insert into VIAJE_VIAJEROS(ID,COSTO_EJECUTIVO,COSTO_ECONOMICO) values (5,1000,500);
Insert into VIAJE_VIAJEROS(ID,COSTO_EJECUTIVO,COSTO_ECONOMICO) values (8,1200,600);
Insert into VIAJE_VIAJEROS(ID,COSTO_EJECUTIVO,COSTO_ECONOMICO) values (10,1500,800);
Insert into VIAJE_VIAJEROS(ID,COSTO_EJECUTIVO,COSTO_ECONOMICO) values (12,1800,1000);
Insert into VIAJE_VIAJEROS(ID,COSTO_EJECUTIVO,COSTO_ECONOMICO) values (13,2100,1200);



Insert into VIAJE_CARGA (ID,COSTO_DENSIDAD) values (3,30);
Insert into VIAJE_CARGA (ID,COSTO_DENSIDAD) values (6,50);
Insert into VIAJE_CARGA (ID,COSTO_DENSIDAD) values (7,60);
Insert into VIAJE_CARGA (ID,COSTO_DENSIDAD) values (9,100);
Insert into VIAJE_CARGA (ID,COSTO_DENSIDAD) values (11,40);


Insert into USUARIO(ID,TIPO_ID,NOMBRE,ROL,CLAVE,AEROLINEA_FRECUENTE) values(23059253,'Cedula Colombiana','Carlos','Remitente','papacito',null);
Insert into USUARIO(ID,TIPO_ID,NOMBRE,ROL,CLAVE,AEROLINEA_FRECUENTE) values(24563,'Visa','Pepe','Viajero','papi',null);
Insert into USUARIO(ID,TIPO_ID,NOMBRE,ROL,CLAVE,AEROLINEA_FRECUENTE) values(2355634,'Cedula Venezolana','David','Viajero','contra','AV');
Insert into USUARIO(ID,TIPO_ID,NOMBRE,ROL,CLAVE,AEROLINEA_FRECUENTE) values(2345234,'Pasaporte','Ricardo','AdminVuelAndes','heyhey',null);
Insert into USUARIO(ID,TIPO_ID,NOMBRE,ROL,CLAVE,AEROLINEA_FRECUENTE) values(4342421,'Pasaporte','Javier','AdminAeropuerto','12345',null);

Insert into NACIONALIDADES_USUARIOS(ID_USUARIO, TIPO_ID_USUARIO, NACIONALIDAD) values(23059253,'Cedula Colombiana','Colombia');
Insert into NACIONALIDADES_USUARIOS(ID_USUARIO, TIPO_ID_USUARIO, NACIONALIDAD) values(23059253,'Cedula Colombiana','Venezuela');
Insert into NACIONALIDADES_USUARIOS(ID_USUARIO,TIPO_ID_USUARIO,NACIONALIDAD) values(24563,'Visa','Italia');
Insert into NACIONALIDADES_USUARIOS(ID_USUARIO,TIPO_ID_USUARIO, NACIONALIDAD) values(2355634,'Cedula Venezolana','Colombia');
Insert into NACIONALIDADES_USUARIOS(ID_USUARIO,TIPO_ID_USUARIO,NACIONALIDAD) values(2345234,'Pasaporte','Estados Unidos');
Insert into NACIONALIDADES_USUARIOS(ID_USUARIO,TIPO_ID_USUARIO, NACIONALIDAD) values(4342421,'Pasaporte','Argentina');

Insert into VIAJEROS(ID, TIPO_ID) values (23059253,'Cedula Colombiana' );
Insert into VIAJEROS(ID, TIPO_ID) values (24563,'Visa');
Insert into VIAJEROS(ID, TIPO_ID) values (2355634,'Cedula Venezolana');

Insert into M_VIAJES_M_VIAJEROS(ID_VIAJEROS,TIPO_ID_VIAJEROS,ID_VIAJE) values(23059253,'Cedula Colombiana',1);
Insert into M_VIAJES_M_VIAJEROS(ID_VIAJEROS,TIPO_ID_VIAJEROS,ID_VIAJE) values(23059253,'Cedula Colombiana',2);
Insert into M_VIAJES_M_VIAJEROS(ID_VIAJEROS,TIPO_ID_VIAJEROS,ID_VIAJE) values(23059253,'Cedula Colombiana',4);
Insert into M_VIAJES_M_VIAJEROS(ID_VIAJEROS,TIPO_ID_VIAJEROS,ID_VIAJE) values(24563,'Visa',1);
Insert into M_VIAJES_M_VIAJEROS(ID_VIAJEROS,TIPO_ID_VIAJEROS,ID_VIAJE) values(2355634,'Cedula Venezolana',5);
Insert into M_VIAJES_M_VIAJEROS(ID_VIAJEROS,TIPO_ID_VIAJEROS,ID_VIAJE) values(2355634,'Cedula Venezolana',8);



Insert into REMITENTES(ID,TIPO_ID) values (2345234,'Pasaporte');
Insert into REMITENTES(ID,TIPO_ID) values (4342421,'Pasaporte');





Insert into CARGA(TRACKING_NUM,CONTENIDO,PESO,VOLUMEN) values(123,'Videos','5','200');
Insert into CARGA(TRACKING_NUM,CONTENIDO,PESO,VOLUMEN) values(321,'Libros','10','500');

Insert into M_VIAJES_M_CARGAS(ID_CARGA,ID_VIAJE) values(123,3);
Insert into M_VIAJES_M_CARGAS(ID_CARGA,ID_VIAJE) values(321,6);
Insert into M_VIAJES_M_CARGAS(ID_CARGA,ID_VIAJE) values(123,7);
Insert into M_VIAJES_M_CARGAS(ID_CARGA,ID_VIAJE) values(321,9);
Insert into M_VIAJES_M_CARGAS(ID_CARGA,ID_VIAJE) values(123,11);

Insert into RESERVA(FECHA,TIPO_RESERVA,AERO_SAL,AERO_LLEG) values (TO_DATE('25/11/2016','DD/MM/YYYY'),'Viajeros','CCS','SWF');
Insert into RESERVA(FECHA,TIPO_RESERVA,AERO_SAL,AERO_LLEG) values (TO_DATE('29/11/2016','DD/MM/YYYY'),'Viajeros','EZE','AEP');
Insert into RESERVA(FECHA,TIPO_RESERVA,AERO_SAL,AERO_LLEG) values (TO_DATE('30/11/2016','DD/MM/YYYY'),'Viajeros','KMW','VIE');
Insert into RESERVA(FECHA,TIPO_RESERVA,AERO_SAL,AERO_LLEG) values (TO_DATE('5/12/2016','DD/MM/YYYY'),'Carga','SWF','RMA');
Insert into RESERVA(FECHA,TIPO_RESERVA,AERO_SAL,AERO_LLEG) values (TO_DATE('12/12/2016','DD/MM/YYYY'),'Carga','RMA','VIE');
Insert into RESERVA(FECHA,TIPO_RESERVA,AERO_SAL,AERO_LLEG) values (TO_DATE('20/12/2016','DD/MM/YYYY'),'Viajeros','CCS','VIE');
Insert into RESERVA(FECHA,TIPO_RESERVA,AERO_SAL,AERO_LLEG) values (TO_DATE('25/12/2016','DD/MM/YYYY'),'Viajeros','CCS','VIE');



Insert into RESERVA_CARGA(ID,ID_VIAJE,ID_REMITENTE,TIPO_ID_REMITENTE,ID_CARGA) values(4,3,2345234,'Pasaporte',123);
Insert into RESERVA_CARGA(ID,ID_VIAJE,ID_REMITENTE,TIPO_ID_REMITENTE,ID_CARGA) values(5,6,4342421,'Pasaporte',321);

Insert into RESERVA_VIAJEROS(ID_RESERVA_GENERAL,ID_VIAJE,ID_VIAJERO,TIPO_ID_VIAJERO,TIPO) values(1,1,23059253,'Cedula Colombiana','Ejecutiva');
Insert into RESERVA_VIAJEROS(ID_RESERVA_GENERAL,ID_VIAJE,ID_VIAJERO,TIPO_ID_VIAJERO,TIPO) values(2,4,24563,'Visa','Economica');
Insert into RESERVA_VIAJEROS(ID_RESERVA_GENERAL,ID_VIAJE,ID_VIAJERO,TIPO_ID_VIAJERO,TIPO) values(3,5,2355634,'Cedula Venezolana','Economica');
Insert into RESERVA_VIAJEROS(ID_RESERVA_GENERAL,ID_VIAJE,ID_VIAJERO,TIPO_ID_VIAJERO,TIPO) values(6,1,23059253,'Cedula Colombiana','Economica');
Insert into RESERVA_VIAJEROS(ID_RESERVA_GENERAL,ID_VIAJE,ID_VIAJERO,TIPO_ID_VIAJERO,TIPO) values(6,4,23059253,'Cedula Colombiana','Economica');
Insert into RESERVA_VIAJEROS(ID_RESERVA_GENERAL,ID_VIAJE,ID_VIAJERO,TIPO_ID_VIAJERO,TIPO) values(6,5,23059253,'Cedula Colombiana','Economica');
Insert into RESERVA_VIAJEROS(ID_RESERVA_GENERAL,ID_VIAJE,ID_VIAJERO,TIPO_ID_VIAJERO,TIPO) values(7,1,24563,'Visa','Ejecutiva');
Insert into RESERVA_VIAJEROS(ID_RESERVA_GENERAL,ID_VIAJE,ID_VIAJERO,TIPO_ID_VIAJERO,TIPO) values(7,4,24563,'Visa','Ejecutiva');
Insert into RESERVA_VIAJEROS(ID_RESERVA_GENERAL,ID_VIAJE,ID_VIAJERO,TIPO_ID_VIAJERO,TIPO) values(7,5,24563,'Visa','Ejecutiva');


/* Crear 10 mil vuelos*/
DECLARE
   CONT NUMBER := 1;
   IDV NUMBER := 100;
   DURA NUMBER := 1;
   DISTA NUMBER := 500;
   FREC NUMBER := 1;
   TIPOV VARCHAR2(255):= 'Internacional';
   AERO VARCHAR2(255) := 'AV';
   AEROS NUMBER := 1;
   AEROLL NUMBER:= 5;
   
   
BEGIN
   WHILE CONT < 10000 LOOP
   INSERT INTO VUELO (ID,DURACION,DISTANCIA,FRECUENCIA,AEROLINEA,AEROPUERTO_SALIDA,AEROPUERTO_LLEGADA,TIPO_VUELO) VALUES(AERO||TO_CHAR(IDV),DURA,DISTA,FREC,AERO,'Aeropuerto'||TO_CHAR(AEROS),'Aeropuerto'||TO_CHAR(AEROLL), TIPOV);
        IDV := IDV + 1;
        CONT:= CONT + 1;
        DURA := DURA + 1;
        DISTA := DISTA + 500;
        FREC := FREC + 1;
        AEROS:=AEROS+1;
        AEROLL:=AEROLL-1;
        IF (DURA > 9) THEN
          DURA := 1;
        END IF;
        IF (DISTA >5000) THEN
          DISTA := 500;
        END IF;
        IF (FREC> 4) THEN
          FREC := 1;
        END IF;
        IF (CONT = 2000) THEN
          AERO := 'AA';
         IDV:= 100;
        END IF;
        IF (CONT = 4000) THEN
          AERO := 'DL';
          IDV:= 100;
        END IF;
        IF (CONT = 6000) THEN
          AERO := 'LA';
          IDV:= 100;
        END IF;
        IF (CONT = 8000) THEN
          AERO := 'AZ';
          IDV:= 100;
        END IF;
        IF (AEROS > 5) THEN
          AEROS := 1;
        END IF;
        IF (AEROLL < 1) THEN
          AEROLL := 5;
        END IF;
        
       
       
        
   END LOOP;
END;




/* Crear 1 millon de viajes y 1 millon de viajes viajeros*/
DECLARE
   IDVI NUMBER := 14;
   IDVU NUMBER := 100;
   AERO VARCHAR2(255 BYTE) := 'AV';
   CEJEC NUMBER := 400;
   CECON NUMBER := 200;
   AV NUMBER := 1;
  HRA NUMBER := 1;   
  REL CHAR(1) := 'N';
  HORA NUMBER:= 01;
  DURA NUMBER := 0;
   
BEGIN
   WHILE IDVI < 1000000 LOOP
   REL := 'N';
    IF(TO_DATE(HRA||'-NOV-2016 03:24:56','DD-MON-YYYY HH24:MI:SS')< CURRENT_DATE) THEN
    REL:='Y';
        END IF;
     SELECT (DURACION) INTO DURA FROM VUELO WHERE VUELO.ID = AERO||TO_CHAR(IDVU);
   Insert into VIAJE (ID,ID_VUELO,TIPO_VIAJE,AVION,HORA_SALIDA,HORA_LLEGADA,REALIZADO) values (IDVI,AERO||TO_CHAR(IDVU),'Viajeros','Avion'||TO_CHAR(AV),TO_DATE(TO_CHAR(HRA)||'-NOV-2016 '||TO_CHAR(HORA)||':24:56','DD-MON-YYYY HH24:MI:SS'),TO_DATE(TO_CHAR(HRA)||'-NOV-2016 '||TO_CHAR(HORA + DURA)||':24:56','DD-MON-YYYY HH24:MI:SS'),REL);
  Insert into VIAJE_VIAJEROS(ID,COSTO_EJECUTIVO,COSTO_ECONOMICO) values (IDVI,CEJEC,CECON);


        IDVI := IDVI + 1;
        IDVU := IDVU + 1;
        CEJEC := CEJEC + 400;
        CECON := CECON + 200;
        AV := AV + 1;
        HRA := HRA + 1;
        HORA:= HORA + 1;
        IF(HORA = 12)THEN
        HORA := 01;
        END IF;
        IF(IDVU = 1000)THEN
          IDVU:=100;
          END IF;
        IF(IDVI = 200000)THEN
          IDVU:=100;
          AERO:='AA';
          END IF;
           IF(IDVI = 400000)THEN
          IDVU:=100;
          AERO:='DL';
          END IF;
           IF(IDVI = 600000)THEN
          IDVU:=100;
          AERO:='AZ';
          END IF;
           IF(IDVI = 800000)THEN
          IDVU:=100;
          AERO:='LA';
          END IF;
        IF (CECON > 2000) THEN
          CECON := 200;
        END IF;
         IF (CEJEC > 4000) THEN
          CEJEC := 400;
        END IF;
        IF (AV > 5) THEN
          AV := 1;
        END IF;
        IF(HRA > 30) THEN
        HRA := 1;
        END IF;
       

       
        
   END LOOP;
END;



/* Crear 500 mil de viajes y 500mil viajes de carga*/
DECLARE
   IDVI NUMBER := 1000000;
   IDVU NUMBER := 100;
   AERO VARCHAR2(255 BYTE) := 'AV';
   CDENS NUMBER := 10;
   AV NUMBER := 1;
  HRA NUMBER := 1;   
  HORA NUMBER := 01;
  REL CHAR(1) := 'N';
    DURA NUMBER := 0;
   
BEGIN
   WHILE IDVI < 1500000 LOOP
    IF(TO_DATE(HRA||'-NOV-2016 03:24:56','DD-MON-YYYY HH24:MI:SS')< CURRENT_DATE) THEN
    REL:='Y';
        END IF;
    SELECT (DURACION) INTO DURA FROM VUELO WHERE VUELO.ID = AERO||TO_CHAR(IDVU);
   Insert into VIAJE (ID,ID_VUELO,TIPO_VIAJE,AVION,HORA_SALIDA,HORA_LLEGADA,REALIZADO) values (IDVI,AERO||TO_CHAR(IDVU),'Carga','Avion'||TO_CHAR(AV),TO_DATE(TO_CHAR(HRA)||'-NOV-2016 '||TO_CHAR(HORA)||':24:56','DD-MON-YYYY HH24:MI:SS'),TO_DATE(TO_CHAR(HRA)||'-NOV-2016 '||TO_CHAR(HORA + DURA)||':24:56','DD-MON-YYYY HH24:MI:SS'),REL);
  Insert into VIAJE_CARGA(ID,COSTO_DENSIDAD) values (IDVI,CDENS);

        IDVI := IDVI + 1;
        IDVU := IDVU + 1;
        CDENS := CDENS + 10;
        AV := AV + 1;
        HRA := HRA + 1;
        IF(IDVU = 1000)THEN
          IDVU:=100;
          END IF;
        IF(IDVI = 1100000)THEN
          IDVU:=100;
          AERO:='AA';
          END IF;
           IF(IDVI = 1200000)THEN
          IDVU:=100;
          AERO:='DL';
          END IF;
           IF(IDVI = 1300000)THEN
          IDVU:=100;
          AERO:='AZ';
          END IF;
           IF(IDVI = 1400000)THEN
          IDVU:=100;
          AERO:='LA';
          END IF;
         IF (CDENS > 400) THEN
          CDENS := 10;
        END IF;
        IF (AV > 5) THEN
          AV := 1;
        END IF;
        IF(HRA > 30) THEN
        HRA := 1;
        END IF;
       

       
        
   END LOOP;
END;







/* Crear 1500000 usuarios y 1500000 de viajeros*/
DECLARE
   IDVI NUMBER := 1000000;
   TIP VARCHAR2(255 BYTE) := 'Pasaporte';
   RO VARCHAR2(255 BYTE) := 'Viajero';
   PASS number := 1;
   
   
BEGIN
   WHILE IDVI < 2500000 LOOP
   
Insert into USUARIO(ID,TIPO_ID,NOMBRE,ROL,CLAVE) values(IDVI,TIP,'Pasajero'||TO_CHAR(PASS),RO,'abc'||TO_CHAR(PASS));
Insert into VIAJEROS(ID, TIPO_ID) values (IDVI,TIP);

        IDVI := IDVI + 1;
        PASS := PASS + 1;
        IF(IDVI = 2000000)THEN
          TIP:='Cedula Colombiana';
          END IF;
           IF(IDVI = 2250000)THEN
          TIP:='Cedula Venezolana';
          END IF;
        

       
        
   END LOOP;
END;



/* Crear 600000 cargas*/
DECLARE
   IDV NUMBER := 1000;
   CONT NUMBER := 1;
   PES NUMBER := 8;
   VOL number := 150;
   
   
BEGIN
   WHILE IDV < 601000 LOOP
   
Insert into CARGA(TRACKING_NUM,CONTENIDO,PESO,VOLUMEN) values(IDV,'Objeto'||TO_CHAR(CONT),PES,VOL);


        IDV := IDV + 1;
        CONT := CONT + 1;
        PES := PES + 1;
        IF(PES = 50) THEN
        PES:= 8;
        END IF;
        VOL:= VOL + 50;
        IF(VOL = 1000) THEN
        VOL:= 150;
        END IF;

       
        
   END LOOP;
END;




/* Asociar 1500000 viajeros a 1millon de viajes. 2 viajeros a cada viaje. 1 o 2 viajes a cada viajero*/
DECLARE
   IDVI NUMBER := 14;
   IDVIAJER NUMBER := 1000000;
   TIPOID VARCHAR2(255 BYTE) := 'Pasaporte';
   
   
BEGIN
   WHILE IDVI < 1000000 LOOP
   
Insert into M_VIAJES_M_VIAJEROS(ID_VIAJEROS,TIPO_ID_VIAJEROS,ID_VIAJE) values(IDVI,TIPOID,IDVI);

        IF(MOD(IDVI,2) = 0) THEN
        IDVI := IDVI + 1;
        END IF;
        IDVIAJER := IDVIAJER + 1;
        IF(IDVIAJER = 2500000) THEN
        IDVIAJER:= 800000;
        TIPOID:='Pasaporte';
        END IF;
        IF(IDVI = 2000000)THEN
          TIPOID:='Cedula Colombiana';
          END IF;
           IF(IDVI = 2250000)THEN
          TIPOID:='Cedula Venezolana';
          END IF;
        
       
        
   END LOOP;
END;



/* Asociar 600000 cargas a 500mil viajes. 5 cargas a cada viaje. 4 o 5 viajes a cada carga*/
DECLARE
   IDVI NUMBER := 14;
   IDCA NUMBER := 1000;
   
   
BEGIN
   WHILE IDVI < 1000000 LOOP
   
Insert into M_VIAJES_M_CARGAS(ID_CARGA,ID_VIAJE) values(IDCA,3);

        IF(MOD(IDVI,5) = 0) THEN
        IDVI := IDVI + 1;
        END IF;
        IDCA := IDVIAJER + 1;
        IF(IDCA = 601000) THEN
        IDCA:= 1000;
        END IF;
        
       
        
   END LOOP;
END;






COMMIT;
